Frame,root_translateX,root_translateY,root_translateZ,root_rotateX,root_rotateY,root_rotateZ,left_hip_pitch_joint_dof,left_hip_roll_joint_dof,left_hip_yaw_joint_dof,left_knee_joint_dof,left_ankle_pitch_joint_dof,left_ankle_roll_joint_dof,right_hip_pitch_joint_dof,right_hip_roll_joint_dof,right_hip_yaw_joint_dof,right_knee_joint_dof,right_ankle_pitch_joint_dof,right_ankle_roll_joint_dof,waist_yaw_joint_dof,waist_roll_joint_dof,waist_pitch_joint_dof,left_shoulder_pitch_joint_dof,left_shoulder_roll_joint_dof,left_shoulder_yaw_joint_dof,left_elbow_joint_dof,left_wrist_roll_joint_dof,left_wrist_pitch_joint_dof,left_wrist_yaw_joint_dof,right_shoulder_pitch_joint_dof,right_shoulder_roll_joint_dof,right_shoulder_yaw_joint_dof,right_elbow_joint_dof,right_wrist_roll_joint_dof,right_wrist_pitch_joint_dof,right_wrist_yaw_joint_dof
0.0,0.0,0.0,78.1528091430664,0.0,0.0,0.0,1.5167185,2.603943,-1.6905233,9.732557,-11.649945,-2.961529,0.6239143,-7.2306666,-9.147425,12.383621,-10.753038,6.5527606,-1.0048107,-1.5743585,7.6885557,-0.14834416,14.468168,-29.187767,61.89945,21.321045,8.357161,9.434583,-5.9140105,-15.589025,36.87949,62.65345,-6.9954395,3.3820848,-5.302172
1.0,0.0,0.0,78.1528091430664,0.0,0.0,0.0,1.5167185,2.603943,-1.6905233,9.732557,-11.649945,-2.961529,0.6239143,-7.2306666,-9.147425,12.383621,-10.753038,6.5527606,1.2636565856625632,-1.5743585,7.6885557,-0.14834416,14.468168,-29.187767,61.89945,21.321045,8.357161,9.434583,-5.9140105,-15.589025,36.87949,62.65345,-6.9954395,3.3820848,-5.302172
2.0,0.0,0.0,78.1528091430664,0.0,0.0,0.0,1.5167185,2.603943,-1.6905233,9.732557,-11.649945,-2.961529,0.6239143,-7.2306666,-9.147425,12.383621,-10.753038,6.5527606,3.529360093368145,-1.5743585,7.6885557,-0.14834416,14.468168,-29.187767,61.89945,21.321045,8.357161,9.434583,-5.9140105,-15.589025,36.87949,62.65345,-6.9954395,3.3820848,-5.302172
3.0,0.0,0.0,78.1528091430664,0.0,0.0,0.0,1.5167185,2.603943,-1.6905233,9.732557,-11.649945,-2.961529,0.6239143,-7.2306666,-9.147425,12.383621,-10.753038,6.5527606,5.789539412397475,-1.5743585,7.6885557,-0.14834416,14.468168,-29.187767,61.89945,21.321045,8.357161,9.434583,-5.9140105,-15.589025,36.87949,62.65345,-6.9954395,3.3820848,-5.302172
4.0,0.0,0.0,78.1528091430664,0.0,0.0,0.0,1.5167185,2.603943,-1.6905233,9.732557,-11.649945,-2.961529,0.6239143,-7.2306666,-9.147425,12.383621,-10.753038,6.5527606,8.041440862404253,-1.5743585,7.6885557,-0.14834416,14.468168,-29.187767,61.89945,21.321045,8.357161,9.434583,-5.9140105,-15.589025,36.87949,62.65345,-6.9954395,3.3820848,-5.302172
5.0,0.0,0.0,78.1528091430664,0.0,0.0,0.0,1.5167185,2.603943,-1.6905233,9.732557,-11.649945,-2.961529,0.6239143,-7.2306666,-9.147425,12.383621,-10.753038,6.5527606,10.282320848350471,-1.5743585,7.6885557,-0.14834416,14.468168,-29.187767,61.89945,21.321045,8.357161,9.434583,-5.9140105,-15.589025,36.87949,62.65345,-6.9954395,3.3820848,-5.302172
6.0,0.0,0.0,78.1528091430664,0.0,0.0,0.0,1.5167185,2.603943,-1.6905233,9.732557,-11.649945,-2.961529,0.6239143,-7.2306666,-9.147425,12.383621,-10.753038,6.5527606,12.509449203154356,-1.5743585,7.6885557,-0.14834416,14.468168,-29.187767,61.89945,21.321045,8.357161,9.434583,-5.9140105,-15.589025,36.87949,62.65345,-6.9954395,3.3820848,-5.302172
7.0,0.0,0.0,78.1528091430664,0.0,0.0,0.0,1.5167185,2.603943,-1.6905233,9.732557,-11.649945,-2.961529,0.6239143,-7.2306666,-9.147425,12.383621,-10.753038,6.5527606,14.720112513978401,-1.5743585,7.6885557,-0.14834416,14.468168,-29.187767,61.89945,21.321045,8.357161,9.434583,-5.9140105,-15.589025,36.87949,62.65345,-6.9954395,3.3820848,-5.302172
8.0,0.0,0.0,78.1528091430664,0.0,0.0,0.0,1.5167185,2.603943,-1.6905233,9.732557,-11.649945,-2.961529,0.6239143,-7.2306666,-9.147425,12.383621,-10.753038,6.5527606,16.911617428104947,-1.5743585,7.6885557,-0.14834416,14.468168,-29.187767,61.89945,21.321045,8.357161,9.434583,-5.9140105,-15.589025,36.87949,62.65345,-6.9954395,3.3820848,-5.302172
9.0,0.0,0.0,78.1528091430664,0.0,0.0,0.0,1.5167185,2.603943,-1.6905233,9.732557,-11.649945,-2.961529,0.6239143,-7.2306666,-9.147425,12.383621,-10.753038,6.5527606,19.08129393437158,-1.5743585,7.6885557,-0.14834416,14.468168,-29.187767,61.89945,21.321045,8.357161,9.434583,-5.9140105,-15.589025,36.87949,62.65345,-6.9954395,3.3820848,-5.302172
10.0,0.0,0.0,78.1528091430664,0.0,0.0,0.0,1.5167185,2.603943,-1.6905233,9.732557,-11.649945,-2.961529,0.6239143,-7.2306666,-9.147425,12.383621,-10.753038,6.5527606,21.226498616168467,-1.5743585,7.6885557,-0.14834416,14.468168,-29.187767,61.89945,21.321045,8.357161,9.434583,-5.9140105,-15.589025,36.87949,62.65345,-6.9954395,3.3820848,-5.302172
11.0,0.0,0.0,78.1528091430664,0.0,0.0,0.0,1.5167185,2.603943,-1.6905233,9.732557,-11.649945,-2.961529,0.6239143,-7.2306666,-9.147425,12.383621,-10.753038,6.5527606,23.34461787203428,-1.5743585,7.6885557,-0.14834416,14.468168,-29.187767,61.89945,21.321045,8.357161,9.434583,-5.9140105,-15.589025,36.87949,62.65345,-6.9954395,3.3820848,-5.302172
12.0,0.0,0.0,78.1528091430664,0.0,0.0,0.0,1.5167185,2.603943,-1.6905233,9.732557,-11.649945,-2.961529,0.6239143,-7.2306666,-9.147425,12.383621,-10.753038,6.5527606,25.43307109992701,-1.5743585,7.6885557,-0.14834416,14.468168,-29.187767,61.89945,21.321045,8.357161,9.434583,-5.9140105,-15.589025,36.87949,62.65345,-6.9954395,3.3820848,-5.302172
13.0,0.0,0.0,78.1528091430664,0.0,0.0,0.0,1.5167185,2.603943,-1.6905233,9.732557,-11.649945,-2.961529,0.6239143,-7.2306666,-9.147425,12.383621,-10.753038,6.5527606,27.48931384129003,-1.5743585,7.6885557,-0.14834416,14.468168,-29.187767,61.89945,21.321045,8.357161,9.434583,-5.9140105,-15.589025,36.87949,62.65345,-6.9954395,3.3820848,-5.302172
14.0,0.0,0.0,78.1528091430664,0.0,0.0,0.0,1.5167185,2.603943,-1.6905233,9.732557,-11.649945,-2.961529,0.6239143,-7.2306666,-9.147425,12.383621,-10.753038,6.5527606,29.510840881082903,-1.5743585,7.6885557,-0.14834416,14.468168,-29.187767,61.89945,21.321045,8.357161,9.434583,-5.9140105,-15.589025,36.87949,62.65345,-6.9954395,3.3820848,-5.302172
15.0,0.0,0.0,78.1528091430664,0.0,0.0,0.0,1.5167185,2.603943,-1.6905233,9.732557,-11.649945,-2.961529,0.6239143,-7.2306666,-9.147425,12.383621,-10.753038,6.5527606,31.495189299999993,-1.5743585,7.6885557,-0.14834416,14.468168,-29.187767,61.89945,21.321045,8.357161,9.434583,-5.9140105,-15.589025,36.87949,62.65345,-6.9954395,3.3820848,-5.302172
16.0,0.0,0.0,78.1528091430664,0.0,0.0,0.0,1.5167185,2.603943,-1.6905233,9.732557,-11.649945,-2.961529,0.6239143,-7.2306666,-9.147425,12.383621,-10.753038,6.5527606,33.43994147515832,-1.5743585,7.6885557,-0.14834416,14.468168,-29.187767,61.89945,21.321045,8.357161,9.434583,-5.9140105,-15.589025,36.87949,62.65345,-6.9954395,3.3820848,-5.302172
17.0,0.0,0.0,78.1528091430664,0.0,0.0,0.0,1.5167185,2.603943,-1.6905233,9.732557,-11.649945,-2.961529,0.6239143,-7.2306666,-9.147425,12.383621,-10.753038,6.5527606,35.34272802559854,-1.5743585,7.6885557,-0.14834416,14.468168,-29.187767,61.89945,21.321045,8.357161,9.434583,-5.9140105,-15.589025,36.87949,62.65345,-6.9954395,3.3820848,-5.302172
18.0,0.0,0.0,78.1528091430664,0.0,0.0,0.0,1.5167185,2.603943,-1.6905233,9.732557,-11.649945,-2.961529,0.6239143,-7.2306666,-9.147425,12.383621,-10.753038,6.5527606,37.20123069901075,-1.5743585,7.6885557,-0.14834416,14.468168,-29.187767,61.89945,21.321045,8.357161,9.434583,-5.9140105,-15.589025,36.87949,62.65345,-6.9954395,3.3820848,-5.302172
19.0,0.0,0.0,78.1528091430664,0.0,0.0,0.0,1.5167185,2.603943,-1.6905233,9.732557,-11.649945,-2.961529,0.6239143,-7.2306666,-9.147425,12.383621,-10.753038,6.5527606,39.01318519616779,-1.5743585,7.6885557,-0.14834416,14.468168,-29.187767,61.89945,21.321045,8.357161,9.434583,-5.9140105,-15.589025,36.87949,62.65345,-6.9954395,3.3820848,-5.302172
20.0,0.0,0.0,78.1528091430664,0.0,0.0,0.0,1.5167185,2.603943,-1.6905233,9.732557,-11.649945,-2.961529,0.6239143,-7.2306666,-9.147425,12.383621,-10.753038,6.5527606,40.77638392962505,-1.5743585,7.6885557,-0.14834416,14.468168,-29.187767,61.89945,21.321045,8.357161,9.434583,-5.9140105,-15.589025,36.87949,62.65345,-6.9954395,3.3820848,-5.302172
21.0,0.0,0.0,78.1528091430664,0.0,0.0,0.0,1.5167185,2.603943,-1.6905233,9.732557,-11.649945,-2.961529,0.6239143,-7.2306666,-9.147425,12.383621,-10.753038,6.5527606,42.48867871332578,-1.5743585,7.6885557,-0.14834416,14.468168,-29.187767,61.89945,21.321045,8.357161,9.434583,-5.9140105,-15.589025,36.87949,62.65345,-6.9954395,3.3820848,-5.302172
22.0,0.0,0.0,78.1528091430664,0.0,0.0,0.0,1.5167185,2.603943,-1.6905233,9.732557,-11.649945,-2.961529,0.6239143,-7.2306666,-9.147425,12.383621,-10.753038,6.5527606,44.14798337983482,-1.5743585,7.6885557,-0.14834416,14.468168,-29.187767,61.89945,21.321045,8.357161,9.434583,-5.9140105,-15.589025,36.87949,62.65345,-6.9954395,3.3820848,-5.302172
23.0,0.0,0.0,78.1528091430664,0.0,0.0,0.0,1.5167185,2.603943,-1.6905233,9.732557,-11.649945,-2.961529,0.6239143,-7.2306666,-9.147425,12.383621,-10.753038,6.5527606,45.75227632201232,-1.5743585,7.6885557,-0.14834416,14.468168,-29.187767,61.89945,21.321045,8.357161,9.434583,-5.9140105,-15.589025,36.87949,62.65345,-6.9954395,3.3820848,-5.302172
24.0,0.0,0.0,78.1528091430664,0.0,0.0,0.0,1.5167185,2.603943,-1.6905233,9.732557,-11.649945,-2.961529,0.6239143,-7.2306666,-9.147425,12.383621,-10.753038,6.5527606,47.29960295603062,-1.5743585,7.6885557,-0.14834416,14.468168,-29.187767,61.89945,21.321045,8.357161,9.434583,-5.9140105,-15.589025,36.87949,62.65345,-6.9954395,3.3820848,-5.302172
25.0,0.0,0.0,78.1528091430664,0.0,0.0,0.0,1.5167185,2.603943,-1.6905233,9.732557,-11.649945,-2.961529,0.6239143,-7.2306666,-9.147425,12.383621,-10.753038,6.5527606,48.78807810273357,-1.5743585,7.6885557,-0.14834416,14.468168,-29.187767,61.89945,21.321045,8.357161,9.434583,-5.9140105,-15.589025,36.87949,62.65345,-6.9954395,3.3820848,-5.302172
26.0,0.0,0.0,78.1528091430664,0.0,0.0,0.0,1.5167185,2.603943,-1.6905233,9.732557,-11.649945,-2.961529,0.6239143,-7.2306666,-9.147425,12.383621,-10.753038,6.5527606,50.21588828443692,-1.5743585,7.6885557,-0.14834416,14.468168,-29.187767,61.89945,21.321045,8.357161,9.434583,-5.9140105,-15.589025,36.87949,62.65345,-6.9954395,3.3820848,-5.302172
27.0,0.0,0.0,78.1528091430664,0.0,0.0,0.0,1.5167185,2.603943,-1.6905233,9.732557,-11.649945,-2.961529,0.6239143,-7.2306666,-9.147425,12.383621,-10.753038,6.5527606,51.58129393437159,-1.5743585,7.6885557,-0.14834416,14.468168,-29.187767,61.89945,21.321045,8.357161,9.434583,-5.9140105,-15.589025,36.87949,62.65345,-6.9954395,3.3820848,-5.302172
28.0,0.0,0.0,78.1528091430664,0.0,0.0,0.0,1.5167185,2.603943,-1.6905233,9.732557,-11.649945,-2.961529,0.6239143,-7.2306666,-9.147425,12.383621,-10.753038,6.5527606,52.882631516077716,-1.5743585,7.6885557,-0.14834416,14.468168,-29.187767,61.89945,21.321045,8.357161,9.434583,-5.9140105,-15.589025,36.87949,62.65345,-6.9954395,3.3820848,-5.302172
29.0,0.0,0.0,78.1528091430664,0.0,0.0,0.0,1.5167185,2.603943,-1.6905233,9.732557,-11.649945,-2.961529,0.6239143,-7.2306666,-9.147425,12.383621,-10.753038,6.5527606,54.118315550167694,-1.5743585,7.6885557,-0.14834416,14.468168,-29.187767,61.89945,21.321045,8.357161,9.434583,-5.9140105,-15.589025,36.87949,62.65345,-6.9954395,3.3820848,-5.302172
30.0,0.0,0.0,78.1528091430664,0.0,0.0,0.0,1.5167185,2.603943,-1.6905233,9.732557,-11.649945,-2.961529,0.6239143,-7.2306666,-9.147425,12.383621,-10.753038,6.5527606,55.28684054598851,-1.5743585,7.6885557,-0.14834416,14.468168,-29.187767,61.89945,21.321045,8.357161,9.434583,-5.9140105,-15.589025,36.87949,62.65345,-6.9954395,3.3820848,-5.302172
31.0,0.0,0.0,78.1528091430664,0.0,0.0,0.0,1.5167185,2.603943,-1.6905233,9.732557,-11.649945,-2.961529,0.6239143,-7.2306666,-9.147425,12.383621,-10.753038,6.5527606,56.386782835830246,-1.5743585,7.6885557,-0.14834416,14.468168,-29.187767,61.89945,21.321045,8.357161,9.434583,-5.9140105,-15.589025,36.87949,62.65345,-6.9954395,3.3820848,-5.302172
32.0,0.0,0.0,78.1528091430664,0.0,0.0,0.0,1.5167185,2.603943,-1.6905233,9.732557,-11.649945,-2.961529,0.6239143,-7.2306666,-9.147425,12.383621,-10.753038,6.5527606,57.416802309445856,-1.5743585,7.6885557,-0.14834416,14.468168,-29.187767,61.89945,21.321045,8.357161,9.434583,-5.9140105,-15.589025,36.87949,62.65345,-6.9954395,3.3820848,-5.302172
33.0,0.0,0.0,78.1528091430664,0.0,0.0,0.0,1.5167185,2.603943,-1.6905233,9.732557,-11.649945,-2.961529,0.6239143,-7.2306666,-9.147425,12.383621,-10.753038,6.5527606,58.375644046769054,-1.5743585,7.6885557,-0.14834416,14.468168,-29.187767,61.89945,21.321045,8.357161,9.434583,-5.9140105,-15.589025,36.87949,62.65345,-6.9954395,3.3820848,-5.302172
34.0,0.0,0.0,78.1528091430664,0.0,0.0,0.0,1.5167185,2.603943,-1.6905233,9.732557,-11.649945,-2.961529,0.6239143,-7.2306666,-9.147425,12.383621,-10.753038,6.5527606,59.26213984684117,-1.5743585,7.6885557,-0.14834416,14.468168,-29.187767,61.89945,21.321045,8.357161,9.434583,-5.9140105,-15.589025,36.87949,62.65345,-6.9954395,3.3820848,-5.302172
35.0,0.0,0.0,78.1528091430664,0.0,0.0,0.0,1.5167185,2.603943,-1.6905233,9.732557,-11.649945,-2.961529,0.6239143,-7.2306666,-9.147425,12.383621,-10.753038,6.5527606,60.07520965108404,-1.5743585,7.6885557,-0.14834416,14.468168,-29.187767,61.89945,21.321045,8.357161,9.434583,-5.9140105,-15.589025,36.87949,62.65345,-6.9954395,3.3820848,-5.302172
36.0,0.0,0.0,78.1528091430664,0.0,0.0,0.0,1.5167185,2.603943,-1.6905233,9.732557,-11.649945,-2.961529,0.6239143,-7.2306666,-9.147425,12.383621,-10.753038,6.5527606,60.81386285918498,-1.5743585,7.6885557,-0.14834416,14.468168,-29.187767,61.89945,21.321045,8.357161,9.434583,-5.9140105,-15.589025,36.87949,62.65345,-6.9954395,3.3820848,-5.302172
37.0,0.0,0.0,78.1528091430664,0.0,0.0,0.0,1.5167185,2.603943,-1.6905233,9.732557,-11.649945,-2.961529,0.6239143,-7.2306666,-9.147425,12.383621,-10.753038,6.5527606,61.47719953599073,-1.5743585,7.6885557,-0.14834416,14.468168,-29.187767,61.89945,21.321045,8.357161,9.434583,-5.9140105,-15.589025,36.87949,62.65345,-6.9954395,3.3820848,-5.302172
38.0,0.0,0.0,78.1528091430664,0.0,0.0,0.0,1.5167185,2.603943,-1.6905233,9.732557,-11.649945,-2.961529,0.6239143,-7.2306666,-9.147425,12.383621,-10.753038,6.5527606,62.064411507939774,-1.5743585,7.6885557,-0.14834416,14.468168,-29.187767,61.89945,21.321045,8.357161,9.434583,-5.9140105,-15.589025,36.87949,62.65345,-6.9954395,3.3820848,-5.302172
39.0,0.0,0.0,78.1528091430664,0.0,0.0,0.0,1.5167185,2.603943,-1.6905233,9.732557,-11.649945,-2.961529,0.6239143,-7.2306666,-9.147425,12.383621,-10.753038,6.5527606,62.57478334769737,-1.5743585,7.6885557,-0.14834416,14.468168,-29.187767,61.89945,21.321045,8.357161,9.434583,-5.9140105,-15.589025,36.87949,62.65345,-6.9954395,3.3820848,-5.302172
40.0,0.0,0.0,78.1528091430664,0.0,0.0,0.0,1.5167185,2.603943,-1.6905233,9.732557,-11.649945,-2.961529,0.6239143,-7.2306666,-9.147425,12.383621,-10.753038,6.5527606,63.007693245793526,-1.5743585,7.6885557,-0.14834416,14.468168,-29.187767,61.89945,21.321045,8.357161,9.434583,-5.9140105,-15.589025,36.87949,62.65345,-6.9954395,3.3820848,-5.302172
41.0,0.0,0.0,78.1528091430664,0.0,0.0,0.0,1.5167185,2.603943,-1.6905233,9.732557,-11.649945,-2.961529,0.6239143,-7.2306666,-9.147425,12.383621,-10.753038,6.5527606,63.362613768202074,-1.5743585,7.6885557,-0.14834416,14.468168,-29.187767,61.89945,21.321045,8.357161,9.434583,-5.9140105,-15.589025,36.87949,62.65345,-6.9954395,3.3820848,-5.302172
42.0,0.0,0.0,78.1528091430664,0.0,0.0,0.0,1.5167185,2.603943,-1.6905233,9.732557,-11.649945,-2.961529,0.6239143,-7.2306666,-9.147425,12.383621,-10.753038,6.5527606,63.63911249893777,-1.5743585,7.6885557,-0.14834416,14.468168,-29.187767,61.89945,21.321045,8.357161,9.434583,-5.9140105,-15.589025,36.87949,62.65345,-6.9954395,3.3820848,-5.302172
43.0,0.0,0.0,78.1528091430664,0.0,0.0,0.0,1.5167185,2.603943,-1.6905233,9.732557,-11.649945,-2.961529,0.6239143,-7.2306666,-9.147425,12.383621,-10.753038,6.5527606,63.836852566888574,-1.5743585,7.6885557,-0.14834416,14.468168,-29.187767,61.89945,21.321045,8.357161,9.434583,-5.9140105,-15.589025,36.87949,62.65345,-6.9954395,3.3820848,-5.302172
44.0,0.0,0.0,78.1528091430664,0.0,0.0,0.0,1.5167185,2.603943,-1.6905233,9.732557,-11.649945,-2.961529,0.6239143,-7.2306666,-9.147425,12.383621,-10.753038,6.5527606,63.95559305624122,-1.5743585,7.6885557,-0.14834416,14.468168,-29.187767,61.89945,21.321045,8.357161,9.434583,-5.9140105,-15.589025,36.87949,62.65345,-6.9954395,3.3820848,-5.302172
45.0,0.0,0.0,78.1528091430664,0.0,0.0,0.0,1.5167185,2.603943,-1.6905233,9.732557,-11.649945,-2.961529,0.6239143,-7.2306666,-9.147425,12.383621,-10.753038,6.5527606,63.9951893,-1.5743585,7.6885557,-0.14834416,14.468168,-29.187767,61.89945,21.321045,8.357161,9.434583,-5.9140105,-15.589025,36.87949,62.65345,-6.9954395,3.3820848,-5.302172
46.0,0.0,0.0,78.1528091430664,0.0,0.0,0.0,1.5167185,2.603943,-1.6905233,9.732557,-11.649945,-2.961529,0.6239143,-7.2306666,-9.147425,12.383621,-10.753038,6.5527606,63.95559305624122,-1.5743585,7.6885557,-0.14834416,14.468168,-29.187767,61.89945,21.321045,8.357161,9.434583,-5.9140105,-15.589025,36.87949,62.65345,-6.9954395,3.3820848,-5.302172
47.0,0.0,0.0,78.1528091430664,0.0,0.0,0.0,1.5167185,2.603943,-1.6905233,9.732557,-11.649945,-2.961529,0.6239143,-7.2306666,-9.147425,12.383621,-10.753038,6.5527606,63.836852566888574,-1.5743585,7.6885557,-0.14834416,14.468168,-29.187767,61.89945,21.321045,8.357161,9.434583,-5.9140105,-15.589025,36.87949,62.65345,-6.9954395,3.3820848,-5.302172
48.0,0.0,0.0,78.1528091430664,0.0,0.0,0.0,1.5167185,2.603943,-1.6905233,9.732557,-11.649945,-2.961529,0.6239143,-7.2306666,-9.147425,12.383621,-10.753038,6.5527606,63.63911249893777,-1.5743585,7.6885557,-0.14834416,14.468168,-29.187767,61.89945,21.321045,8.357161,9.434583,-5.9140105,-15.589025,36.87949,62.65345,-6.9954395,3.3820848,-5.302172
49.0,0.0,0.0,78.1528091430664,0.0,0.0,0.0,1.5167185,2.603943,-1.6905233,9.732557,-11.649945,-2.961529,0.6239143,-7.2306666,-9.147425,12.383621,-10.753038,6.5527606,63.362613768202074,-1.5743585,7.6885557,-0.14834416,14.468168,-29.187767,61.89945,21.321045,8.357161,9.434583,-5.9140105,-15.589025,36.87949,62.65345,-6.9954395,3.3820848,-5.302172
50.0,0.0,0.0,78.1528091430664,0.0,0.0,0.0,1.5167185,2.603943,-1.6905233,9.732557,-11.649945,-2.961529,0.6239143,-7.2306666,-9.147425,12.383621,-10.753038,6.5527606,63.007693245793526,-1.5743585,7.6885557,-0.14834416,14.468168,-29.187767,61.89945,21.321045,8.357161,9.434583,-5.9140105,-15.589025,36.87949,62.65345,-6.9954395,3.3820848,-5.302172
51.0,0.0,0.0,78.1528091430664,0.0,0.0,0.0,1.5167185,2.603943,-1.6905233,9.732557,-11.649945,-2.961529,0.6239143,-7.2306666,-9.147425,12.383621,-10.753038,6.5527606,62.57478334769737,-1.5743585,7.6885557,-0.14834416,14.468168,-29.187767,61.89945,21.321045,8.357161,9.434583,-5.9140105,-15.589025,36.87949,62.65345,-6.9954395,3.3820848,-5.302172
52.0,0.0,0.0,78.1528091430664,0.0,0.0,0.0,1.5167185,2.603943,-1.6905233,9.732557,-11.649945,-2.961529,0.6239143,-7.2306666,-9.147425,12.383621,-10.753038,6.5527606,62.064411507939774,-1.5743585,7.6885557,-0.14834416,14.468168,-29.187767,61.89945,21.321045,8.357161,9.434583,-5.9140105,-15.589025,36.87949,62.65345,-6.9954395,3.3820848,-5.302172
53.0,0.0,0.0,78.1528091430664,0.0,0.0,0.0,1.5167185,2.603943,-1.6905233,9.732557,-11.649945,-2.961529,0.6239143,-7.2306666,-9.147425,12.383621,-10.753038,6.5527606,61.47719953599073,-1.5743585,7.6885557,-0.14834416,14.468168,-29.187767,61.89945,21.321045,8.357161,9.434583,-5.9140105,-15.589025,36.87949,62.65345,-6.9954395,3.3820848,-5.302172
54.0,0.0,0.0,78.1528091430664,0.0,0.0,0.0,1.5167185,2.603943,-1.6905233,9.732557,-11.649945,-2.961529,0.6239143,-7.2306666,-9.147425,12.383621,-10.753038,6.5527606,60.81386285918499,-1.5743585,7.6885557,-0.14834416,14.468168,-29.187767,61.89945,21.321045,8.357161,9.434583,-5.9140105,-15.589025,36.87949,62.65345,-6.9954395,3.3820848,-5.302172
55.0,0.0,0.0,78.1528091430664,0.0,0.0,0.0,1.5167185,2.603943,-1.6905233,9.732557,-11.649945,-2.961529,0.6239143,-7.2306666,-9.147425,12.383621,-10.753038,6.5527606,60.075209651084045,-1.5743585,7.6885557,-0.14834416,14.468168,-29.187767,61.89945,21.321045,8.357161,9.434583,-5.9140105,-15.589025,36.87949,62.65345,-6.9954395,3.3820848,-5.302172
56.0,0.0,0.0,78.1528091430664,0.0,0.0,0.0,1.5167185,2.603943,-1.6905233,9.732557,-11.649945,-2.961529,0.6239143,-7.2306666,-9.147425,12.383621,-10.753038,6.5527606,59.26213984684118,-1.5743585,7.6885557,-0.14834416,14.468168,-29.187767,61.89945,21.321045,8.357161,9.434583,-5.9140105,-15.589025,36.87949,62.65345,-6.9954395,3.3820848,-5.302172
57.0,0.0,0.0,78.1528091430664,0.0,0.0,0.0,1.5167185,2.603943,-1.6905233,9.732557,-11.649945,-2.961529,0.6239143,-7.2306666,-9.147425,12.383621,-10.753038,6.5527606,58.37564404676906,-1.5743585,7.6885557,-0.14834416,14.468168,-29.187767,61.89945,21.321045,8.357161,9.434583,-5.9140105,-15.589025,36.87949,62.65345,-6.9954395,3.3820848,-5.302172
58.0,0.0,0.0,78.1528091430664,0.0,0.0,0.0,1.5167185,2.603943,-1.6905233,9.732557,-11.649945,-2.961529,0.6239143,-7.2306666,-9.147425,12.383621,-10.753038,6.5527606,57.41680230944585,-1.5743585,7.6885557,-0.14834416,14.468168,-29.187767,61.89945,21.321045,8.357161,9.434583,-5.9140105,-15.589025,36.87949,62.65345,-6.9954395,3.3820848,-5.302172
59.0,0.0,0.0,78.1528091430664,0.0,0.0,0.0,1.5167185,2.603943,-1.6905233,9.732557,-11.649945,-2.961529,0.6239143,-7.2306666,-9.147425,12.383621,-10.753038,6.5527606,56.38678283583026,-1.5743585,7.6885557,-0.14834416,14.468168,-29.187767,61.89945,21.321045,8.357161,9.434583,-5.9140105,-15.589025,36.87949,62.65345,-6.9954395,3.3820848,-5.302172
60.0,0.0,0.0,78.1528091430664,0.0,0.0,0.0,1.5167185,2.603943,-1.6905233,9.732557,-11.649945,-2.961529,0.6239143,-7.2306666,-9.147425,12.383621,-10.753038,6.5527606,55.28684054598852,-1.5743585,7.6885557,-0.14834416,14.468168,-29.187767,61.89945,21.321045,8.357161,9.434583,-5.9140105,-15.589025,36.87949,62.65345,-6.9954395,3.3820848,-5.302172
61.0,0.0,0.0,78.1528091430664,0.0,0.0,0.0,1.5167185,2.603943,-1.6905233,9.732557,-11.649945,-2.961529,0.6239143,-7.2306666,-9.147425,12.383621,-10.753038,6.5527606,54.118315550167694,-1.5743585,7.6885557,-0.14834416,14.468168,-29.187767,61.89945,21.321045,8.357161,9.434583,-5.9140105,-15.589025,36.87949,62.65345,-6.9954395,3.3820848,-5.302172
62.0,0.0,0.0,78.1528091430664,0.0,0.0,0.0,1.5167185,2.603943,-1.6905233,9.732557,-11.649945,-2.961529,0.6239143,-7.2306666,-9.147425,12.383621,-10.753038,6.5527606,52.882631516077716,-1.5743585,7.6885557,-0.14834416,14.468168,-29.187767,61.89945,21.321045,8.357161,9.434583,-5.9140105,-15.589025,36.87949,62.65345,-6.9954395,3.3820848,-5.302172
63.0,0.0,0.0,78.1528091430664,0.0,0.0,0.0,1.5167185,2.603943,-1.6905233,9.732557,-11.649945,-2.961529,0.6239143,-7.2306666,-9.147425,12.383621,-10.753038,6.5527606,51.58129393437159,-1.5743585,7.6885557,-0.14834416,14.468168,-29.187767,61.89945,21.321045,8.357161,9.434583,-5.9140105,-15.589025,36.87949,62.65345,-6.9954395,3.3820848,-5.302172
64.0,0.0,0.0,78.1528091430664,0.0,0.0,0.0,1.5167185,2.603943,-1.6905233,9.732557,-11.649945,-2.961529,0.6239143,-7.2306666,-9.147425,12.383621,-10.753038,6.5527606,50.21588828443693,-1.5743585,7.6885557,-0.14834416,14.468168,-29.187767,61.89945,21.321045,8.357161,9.434583,-5.9140105,-15.589025,36.87949,62.65345,-6.9954395,3.3820848,-5.302172
65.0,0.0,0.0,78.1528091430664,0.0,0.0,0.0,1.5167185,2.603943,-1.6905233,9.732557,-11.649945,-2.961529,0.6239143,-7.2306666,-9.147425,12.383621,-10.753038,6.5527606,48.78807810273357,-1.5743585,7.6885557,-0.14834416,14.468168,-29.187767,61.89945,21.321045,8.357161,9.434583,-5.9140105,-15.589025,36.87949,62.65345,-6.9954395,3.3820848,-5.302172
66.0,0.0,0.0,78.1528091430664,0.0,0.0,0.0,1.5167185,2.603943,-1.6905233,9.732557,-11.649945,-2.961529,0.6239143,-7.2306666,-9.147425,12.383621,-10.753038,6.5527606,47.29960295603064,-1.5743585,7.6885557,-0.14834416,14.468168,-29.187767,61.89945,21.321045,8.357161,9.434583,-5.9140105,-15.589025,36.87949,62.65345,-6.9954395,3.3820848,-5.302172
67.0,0.0,0.0,78.1528091430664,0.0,0.0,0.0,1.5167185,2.603943,-1.6905233,9.732557,-11.649945,-2.961529,0.6239143,-7.2306666,-9.147425,12.383621,-10.753038,6.5527606,45.75227632201232,-1.5743585,7.6885557,-0.14834416,14.468168,-29.187767,61.89945,21.321045,8.357161,9.434583,-5.9140105,-15.589025,36.87949,62.65345,-6.9954395,3.3820848,-5.302172
68.0,0.0,0.0,78.1528091430664,0.0,0.0,0.0,1.5167185,2.603943,-1.6905233,9.732557,-11.649945,-2.961529,0.6239143,-7.2306666,-9.147425,12.383621,-10.753038,6.5527606,44.147983379834834,-1.5743585,7.6885557,-0.14834416,14.468168,-29.187767,61.89945,21.321045,8.357161,9.434583,-5.9140105,-15.589025,36.87949,62.65345,-6.9954395,3.3820848,-5.302172
69.0,0.0,0.0,78.1528091430664,0.0,0.0,0.0,1.5167185,2.603943,-1.6905233,9.732557,-11.649945,-2.961529,0.6239143,-7.2306666,-9.147425,12.383621,-10.753038,6.5527606,42.48867871332577,-1.5743585,7.6885557,-0.14834416,14.468168,-29.187767,61.89945,21.321045,8.357161,9.434583,-5.9140105,-15.589025,36.87949,62.65345,-6.9954395,3.3820848,-5.302172
70.0,0.0,0.0,78.1528091430664,0.0,0.0,0.0,1.5167185,2.603943,-1.6905233,9.732557,-11.649945,-2.961529,0.6239143,-7.2306666,-9.147425,12.383621,-10.753038,6.5527606,40.77638392962506,-1.5743585,7.6885557,-0.14834416,14.468168,-29.187767,61.89945,21.321045,8.357161,9.434583,-5.9140105,-15.589025,36.87949,62.65345,-6.9954395,3.3820848,-5.302172
71.0,0.0,0.0,78.1528091430664,0.0,0.0,0.0,1.5167185,2.603943,-1.6905233,9.732557,-11.649945,-2.961529,0.6239143,-7.2306666,-9.147425,12.383621,-10.753038,6.5527606,39.0131851961678,-1.5743585,7.6885557,-0.14834416,14.468168,-29.187767,61.89945,21.321045,8.357161,9.434583,-5.9140105,-15.589025,36.87949,62.65345,-6.9954395,3.3820848,-5.302172
72.0,0.0,0.0,78.1528091430664,0.0,0.0,0.0,1.5167185,2.603943,-1.6905233,9.732557,-11.649945,-2.961529,0.6239143,-7.2306666,-9.147425,12.383621,-10.753038,6.5527606,37.20123069901076,-1.5743585,7.6885557,-0.14834416,14.468168,-29.187767,61.89945,21.321045,8.357161,9.434583,-5.9140105,-15.589025,36.87949,62.65345,-6.9954395,3.3820848,-5.302172
73.0,0.0,0.0,78.1528091430664,0.0,0.0,0.0,1.5167185,2.603943,-1.6905233,9.732557,-11.649945,-2.961529,0.6239143,-7.2306666,-9.147425,12.383621,-10.753038,6.5527606,35.34272802559855,-1.5743585,7.6885557,-0.14834416,14.468168,-29.187767,61.89945,21.321045,8.357161,9.434583,-5.9140105,-15.589025,36.87949,62.65345,-6.9954395,3.3820848,-5.302172
74.0,0.0,0.0,78.1528091430664,0.0,0.0,0.0,1.5167185,2.603943,-1.6905233,9.732557,-11.649945,-2.961529,0.6239143,-7.2306666,-9.147425,12.383621,-10.753038,6.5527606,33.43994147515832,-1.5743585,7.6885557,-0.14834416,14.468168,-29.187767,61.89945,21.321045,8.357161,9.434583,-5.9140105,-15.589025,36.87949,62.65345,-6.9954395,3.3820848,-5.302172
75.0,0.0,0.0,78.1528091430664,0.0,0.0,0.0,1.5167185,2.603943,-1.6905233,9.732557,-11.649945,-2.961529,0.6239143,-7.2306666,-9.147425,12.383621,-10.753038,6.5527606,31.495189299999993,-1.5743585,7.6885557,-0.14834416,14.468168,-29.187767,61.89945,21.321045,8.357161,9.434583,-5.9140105,-15.589025,36.87949,62.65345,-6.9954395,3.3820848,-5.302172
76.0,0.0,0.0,78.1528091430664,0.0,0.0,0.0,1.5167185,2.603943,-1.6905233,9.732557,-11.649945,-2.961529,0.6239143,-7.2306666,-9.147425,12.383621,-10.753038,6.5527606,29.510840881082895,-1.5743585,7.6885557,-0.14834416,14.468168,-29.187767,61.89945,21.321045,8.357161,9.434583,-5.9140105,-15.589025,36.87949,62.65345,-6.9954395,3.3820848,-5.302172
77.0,0.0,0.0,78.1528091430664,0.0,0.0,0.0,1.5167185,2.603943,-1.6905233,9.732557,-11.649945,-2.961529,0.6239143,-7.2306666,-9.147425,12.383621,-10.753038,6.5527606,27.48931384129005,-1.5743585,7.6885557,-0.14834416,14.468168,-29.187767,61.89945,21.321045,8.357161,9.434583,-5.9140105,-15.589025,36.87949,62.65345,-6.9954395,3.3820848,-5.302172
78.0,0.0,0.0,78.1528091430664,0.0,0.0,0.0,1.5167185,2.603943,-1.6905233,9.732557,-11.649945,-2.961529,0.6239143,-7.2306666,-9.147425,12.383621,-10.753038,6.5527606,25.433071099927,-1.5743585,7.6885557,-0.14834416,14.468168,-29.187767,61.89945,21.321045,8.357161,9.434583,-5.9140105,-15.589025,36.87949,62.65345,-6.9954395,3.3820848,-5.302172
79.0,0.0,0.0,78.1528091430664,0.0,0.0,0.0,1.5167185,2.603943,-1.6905233,9.732557,-11.649945,-2.961529,0.6239143,-7.2306666,-9.147425,12.383621,-10.753038,6.5527606,23.344617872034295,-1.5743585,7.6885557,-0.14834416,14.468168,-29.187767,61.89945,21.321045,8.357161,9.434583,-5.9140105,-15.589025,36.87949,62.65345,-6.9954395,3.3820848,-5.302172
80.0,0.0,0.0,78.1528091430664,0.0,0.0,0.0,1.5167185,2.603943,-1.6905233,9.732557,-11.649945,-2.961529,0.6239143,-7.2306666,-9.147425,12.383621,-10.753038,6.5527606,21.226498616168477,-1.5743585,7.6885557,-0.14834416,14.468168,-29.187767,61.89945,21.321045,8.357161,9.434583,-5.9140105,-15.589025,36.87949,62.65345,-6.9954395,3.3820848,-5.302172
81.0,0.0,0.0,78.1528091430664,0.0,0.0,0.0,1.5167185,2.603943,-1.6905233,9.732557,-11.649945,-2.961529,0.6239143,-7.2306666,-9.147425,12.383621,-10.753038,6.5527606,19.081293934371587,-1.5743585,7.6885557,-0.14834416,14.468168,-29.187767,61.89945,21.321045,8.357161,9.434583,-5.9140105,-15.589025,36.87949,62.65345,-6.9954395,3.3820848,-5.302172
82.0,0.0,0.0,78.1528091430664,0.0,0.0,0.0,1.5167185,2.603943,-1.6905233,9.732557,-11.649945,-2.961529,0.6239143,-7.2306666,-9.147425,12.383621,-10.753038,6.5527606,16.91161742810495,-1.5743585,7.6885557,-0.14834416,14.468168,-29.187767,61.89945,21.321045,8.357161,9.434583,-5.9140105,-15.589025,36.87949,62.65345,-6.9954395,3.3820848,-5.302172
83.0,0.0,0.0,78.1528091430664,0.0,0.0,0.0,1.5167185,2.603943,-1.6905233,9.732557,-11.649945,-2.961529,0.6239143,-7.2306666,-9.147425,12.383621,-10.753038,6.5527606,14.720112513978401,-1.5743585,7.6885557,-0.14834416,14.468168,-29.187767,61.89945,21.321045,8.357161,9.434583,-5.9140105,-15.589025,36.87949,62.65345,-6.9954395,3.3820848,-5.302172
84.0,0.0,0.0,78.1528091430664,0.0,0.0,0.0,1.5167185,2.603943,-1.6905233,9.732557,-11.649945,-2.961529,0.6239143,-7.2306666,-9.147425,12.383621,-10.753038,6.5527606,12.509449203154356,-1.5743585,7.6885557,-0.14834416,14.468168,-29.187767,61.89945,21.321045,8.357161,9.434583,-5.9140105,-15.589025,36.87949,62.65345,-6.9954395,3.3820848,-5.302172
85.0,0.0,0.0,78.1528091430664,0.0,0.0,0.0,1.5167185,2.603943,-1.6905233,9.732557,-11.649945,-2.961529,0.6239143,-7.2306666,-9.147425,12.383621,-10.753038,6.5527606,10.282320848350494,-1.5743585,7.6885557,-0.14834416,14.468168,-29.187767,61.89945,21.321045,8.357161,9.434583,-5.9140105,-15.589025,36.87949,62.65345,-6.9954395,3.3820848,-5.302172
86.0,0.0,0.0,78.1528091430664,0.0,0.0,0.0,1.5167185,2.603943,-1.6905233,9.732557,-11.649945,-2.961529,0.6239143,-7.2306666,-9.147425,12.383621,-10.753038,6.5527606,8.041440862404245,-1.5743585,7.6885557,-0.14834416,14.468168,-29.187767,61.89945,21.321045,8.357161,9.434583,-5.9140105,-15.589025,36.87949,62.65345,-6.9954395,3.3820848,-5.302172
87.0,0.0,0.0,78.1528091430664,0.0,0.0,0.0,1.5167185,2.603943,-1.6905233,9.732557,-11.649945,-2.961529,0.6239143,-7.2306666,-9.147425,12.383621,-10.753038,6.5527606,5.789539412397493,-1.5743585,7.6885557,-0.14834416,14.468168,-29.187767,61.89945,21.321045,8.357161,9.434583,-5.9140105,-15.589025,36.87949,62.65345,-6.9954395,3.3820848,-5.302172
88.0,0.0,0.0,78.1528091430664,0.0,0.0,0.0,1.5167185,2.603943,-1.6905233,9.732557,-11.649945,-2.961529,0.6239143,-7.2306666,-9.147425,12.383621,-10.753038,6.5527606,3.529360093368159,-1.5743585,7.6885557,-0.14834416,14.468168,-29.187767,61.89945,21.321045,8.357161,9.434583,-5.9140105,-15.589025,36.87949,62.65345,-6.9954395,3.3820848,-5.302172
89.0,0.0,0.0,78.1528091430664,0.0,0.0,0.0,1.5167185,2.603943,-1.6905233,9.732557,-11.649945,-2.961529,0.6239143,-7.2306666,-9.147425,12.383621,-10.753038,6.5527606,1.2636565856625743,-1.5743585,7.6885557,-0.14834416,14.468168,-29.187767,61.89945,21.321045,8.357161,9.434583,-5.9140105,-15.589025,36.87949,62.65345,-6.9954395,3.3820848,-5.302172
90.0,0.0,0.0,78.1528091430664,0.0,0.0,0.0,1.5167185,2.603943,-1.6905233,9.732557,-11.649945,-2.961529,0.6239143,-7.2306666,-9.147425,12.383621,-10.753038,6.5527606,-1.004810699999992,-1.5743585,7.6885557,-0.14834416,14.468168,-29.187767,61.89945,21.321045,8.357161,9.434583,-5.9140105,-15.589025,36.87949,62.65345,-6.9954395,3.3820848,-5.302172
91.0,0.0,0.0,78.1528091430664,0.0,0.0,0.0,1.5167185,2.603943,-1.6905233,9.732557,-11.649945,-2.961529,0.6239143,-7.2306666,-9.147425,12.383621,-10.753038,6.5527606,-3.273277985662558,-1.5743585,7.6885557,-0.14834416,14.468168,-29.187767,61.89945,21.321045,8.357161,9.434583,-5.9140105,-15.589025,36.87949,62.65345,-6.9954395,3.3820848,-5.302172
92.0,0.0,0.0,78.1528091430664,0.0,0.0,0.0,1.5167185,2.603943,-1.6905233,9.732557,-11.649945,-2.961529,0.6239143,-7.2306666,-9.147425,12.383621,-10.753038,6.5527606,-5.538981493368114,-1.5743585,7.6885557,-0.14834416,14.468168,-29.187767,61.89945,21.321045,8.357161,9.434583,-5.9140105,-15.589025,36.87949,62.65345,-6.9954395,3.3820848,-5.302172
93.0,0.0,0.0,78.1528091430664,0.0,0.0,0.0,1.5167185,2.603943,-1.6905233,9.732557,-11.649945,-2.961529,0.6239143,-7.2306666,-9.147425,12.383621,-10.753038,6.5527606,-7.799160812397478,-1.5743585,7.6885557,-0.14834416,14.468168,-29.187767,61.89945,21.321045,8.357161,9.434583,-5.9140105,-15.589025,36.87949,62.65345,-6.9954395,3.3820848,-5.302172
94.0,0.0,0.0,78.1528091430664,0.0,0.0,0.0,1.5167185,2.603943,-1.6905233,9.732557,-11.649945,-2.961529,0.6239143,-7.2306666,-9.147425,12.383621,-10.753038,6.5527606,-10.051062262404258,-1.5743585,7.6885557,-0.14834416,14.468168,-29.187767,61.89945,21.321045,8.357161,9.434583,-5.9140105,-15.589025,36.87949,62.65345,-6.9954395,3.3820848,-5.302172
95.0,0.0,0.0,78.1528091430664,0.0,0.0,0.0,1.5167185,2.603943,-1.6905233,9.732557,-11.649945,-2.961529,0.6239143,-7.2306666,-9.147425,12.383621,-10.753038,6.5527606,-12.29194224835048,-1.5743585,7.6885557,-0.14834416,14.468168,-29.187767,61.89945,21.321045,8.357161,9.434583,-5.9140105,-15.589025,36.87949,62.65345,-6.9954395,3.3820848,-5.302172
96.0,0.0,0.0,78.1528091430664,0.0,0.0,0.0,1.5167185,2.603943,-1.6905233,9.732557,-11.649945,-2.961529,0.6239143,-7.2306666,-9.147425,12.383621,-10.753038,6.5527606,-14.51907060315434,-1.5743585,7.6885557,-0.14834416,14.468168,-29.187767,61.89945,21.321045,8.357161,9.434583,-5.9140105,-15.589025,36.87949,62.65345,-6.9954395,3.3820848,-5.302172
97.0,0.0,0.0,78.1528091430664,0.0,0.0,0.0,1.5167185,2.603943,-1.6905233,9.732557,-11.649945,-2.961529,0.6239143,-7.2306666,-9.147425,12.383621,-10.753038,6.5527606,-16.729733913978386,-1.5743585,7.6885557,-0.14834416,14.468168,-29.187767,61.89945,21.321045,8.357161,9.434583,-5.9140105,-15.589025,36.87949,62.65345,-6.9954395,3.3820848,-5.302172
98.0,0.0,0.0,78.1528091430664,0.0,0.0,0.0,1.5167185,2.603943,-1.6905233,9.732557,-11.649945,-2.961529,0.6239143,-7.2306666,-9.147425,12.383621,-10.753038,6.5527606,-18.921238828104908,-1.5743585,7.6885557,-0.14834416,14.468168,-29.187767,61.89945,21.321045,8.357161,9.434583,-5.9140105,-15.589025,36.87949,62.65345,-6.9954395,3.3820848,-5.302172
99.0,0.0,0.0,78.1528091430664,0.0,0.0,0.0,1.5167185,2.603943,-1.6905233,9.732557,-11.649945,-2.961529,0.6239143,-7.2306666,-9.147425,12.383621,-10.753038,6.5527606,-21.0909153343716,-1.5743585,7.6885557,-0.14834416,14.468168,-29.187767,61.89945,21.321045,8.357161,9.434583,-5.9140105,-15.589025,36.87949,62.65345,-6.9954395,3.3820848,-5.302172
100.0,0.0,0.0,78.1528091430664,0.0,0.0,0.0,1.5167185,2.603943,-1.6905233,9.732557,-11.649945,-2.961529,0.6239143,-7.2306666,-9.147425,12.383621,-10.753038,6.5527606,-23.236120016168464,-1.5743585,7.6885557,-0.14834416,14.468168,-29.187767,61.89945,21.321045,8.357161,9.434583,-5.9140105,-15.589025,36.87949,62.65345,-6.9954395,3.3820848,-5.302172
101.0,0.0,0.0,78.1528091430664,0.0,0.0,0.0,1.5167185,2.603943,-1.6905233,9.732557,-11.649945,-2.961529,0.6239143,-7.2306666,-9.147425,12.383621,-10.753038,6.5527606,-25.35423927203428,-1.5743585,7.6885557,-0.14834416,14.468168,-29.187767,61.89945,21.321045,8.357161,9.434583,-5.9140105,-15.589025,36.87949,62.65345,-6.9954395,3.3820848,-5.302172
102.0,0.0,0.0,78.1528091430664,0.0,0.0,0.0,1.5167185,2.603943,-1.6905233,9.732557,-11.649945,-2.961529,0.6239143,-7.2306666,-9.147425,12.383621,-10.753038,6.5527606,-27.442692499926988,-1.5743585,7.6885557,-0.14834416,14.468168,-29.187767,61.89945,21.321045,8.357161,9.434583,-5.9140105,-15.589025,36.87949,62.65345,-6.9954395,3.3820848,-5.302172
103.0,0.0,0.0,78.1528091430664,0.0,0.0,0.0,1.5167185,2.603943,-1.6905233,9.732557,-11.649945,-2.961529,0.6239143,-7.2306666,-9.147425,12.383621,-10.753038,6.5527606,-29.49893524129001,-1.5743585,7.6885557,-0.14834416,14.468168,-29.187767,61.89945,21.321045,8.357161,9.434583,-5.9140105,-15.589025,36.87949,62.65345,-6.9954395,3.3820848,-5.302172
104.0,0.0,0.0,78.1528091430664,0.0,0.0,0.0,1.5167185,2.603943,-1.6905233,9.732557,-11.649945,-2.961529,0.6239143,-7.2306666,-9.147425,12.383621,-10.753038,6.5527606,-31.52046228108288,-1.5743585,7.6885557,-0.14834416,14.468168,-29.187767,61.89945,21.321045,8.357161,9.434583,-5.9140105,-15.589025,36.87949,62.65345,-6.9954395,3.3820848,-5.302172
105.0,0.0,0.0,78.1528091430664,0.0,0.0,0.0,1.5167185,2.603943,-1.6905233,9.732557,-11.649945,-2.961529,0.6239143,-7.2306666,-9.147425,12.383621,-10.753038,6.5527606,-33.50481070000001,-1.5743585,7.6885557,-0.14834416,14.468168,-29.187767,61.89945,21.321045,8.357161,9.434583,-5.9140105,-15.589025,36.87949,62.65345,-6.9954395,3.3820848,-5.302172
106.0,0.0,0.0,78.1528091430664,0.0,0.0,0.0,1.5167185,2.603943,-1.6905233,9.732557,-11.649945,-2.961529,0.6239143,-7.2306666,-9.147425,12.383621,-10.753038,6.5527606,-35.449562875158314,-1.5743585,7.6885557,-0.14834416,14.468168,-29.187767,61.89945,21.321045,8.357161,9.434583,-5.9140105,-15.589025,36.87949,62.65345,-6.9954395,3.3820848,-5.302172
107.0,0.0,0.0,78.1528091430664,0.0,0.0,0.0,1.5167185,2.603943,-1.6905233,9.732557,-11.649945,-2.961529,0.6239143,-7.2306666,-9.147425,12.383621,-10.753038,6.5527606,-37.35234942559853,-1.5743585,7.6885557,-0.14834416,14.468168,-29.187767,61.89945,21.321045,8.357161,9.434583,-5.9140105,-15.589025,36.87949,62.65345,-6.9954395,3.3820848,-5.302172
108.0,0.0,0.0,78.1528091430664,0.0,0.0,0.0,1.5167185,2.603943,-1.6905233,9.732557,-11.649945,-2.961529,0.6239143,-7.2306666,-9.147425,12.383621,-10.753038,6.5527606,-39.210852099010744,-1.5743585,7.6885557,-0.14834416,14.468168,-29.187767,61.89945,21.321045,8.357161,9.434583,-5.9140105,-15.589025,36.87949,62.65345,-6.9954395,3.3820848,-5.302172
109.0,0.0,0.0,78.1528091430664,0.0,0.0,0.0,1.5167185,2.603943,-1.6905233,9.732557,-11.649945,-2.961529,0.6239143,-7.2306666,-9.147425,12.383621,-10.753038,6.5527606,-41.02280659616776,-1.5743585,7.6885557,-0.14834416,14.468168,-29.187767,61.89945,21.321045,8.357161,9.434583,-5.9140105,-15.589025,36.87949,62.65345,-6.9954395,3.3820848,-5.302172
110.0,0.0,0.0,78.1528091430664,0.0,0.0,0.0,1.5167185,2.603943,-1.6905233,9.732557,-11.649945,-2.961529,0.6239143,-7.2306666,-9.147425,12.383621,-10.753038,6.5527606,-42.78600532962505,-1.5743585,7.6885557,-0.14834416,14.468168,-29.187767,61.89945,21.321045,8.357161,9.434583,-5.9140105,-15.589025,36.87949,62.65345,-6.9954395,3.3820848,-5.302172
111.0,0.0,0.0,78.1528091430664,0.0,0.0,0.0,1.5167185,2.603943,-1.6905233,9.732557,-11.649945,-2.961529,0.6239143,-7.2306666,-9.147425,12.383621,-10.753038,6.5527606,-44.49830011332578,-1.5743585,7.6885557,-0.14834416,14.468168,-29.187767,61.89945,21.321045,8.357161,9.434583,-5.9140105,-15.589025,36.87949,62.65345,-6.9954395,3.3820848,-5.302172
112.0,0.0,0.0,78.1528091430664,0.0,0.0,0.0,1.5167185,2.603943,-1.6905233,9.732557,-11.649945,-2.961529,0.6239143,-7.2306666,-9.147425,12.383621,-10.753038,6.5527606,-46.15760477983482,-1.5743585,7.6885557,-0.14834416,14.468168,-29.187767,61.89945,21.321045,8.357161,9.434583,-5.9140105,-15.589025,36.87949,62.65345,-6.9954395,3.3820848,-5.302172
113.0,0.0,0.0,78.1528091430664,0.0,0.0,0.0,1.5167185,2.603943,-1.6905233,9.732557,-11.649945,-2.961529,0.6239143,-7.2306666,-9.147425,12.383621,-10.753038,6.5527606,-47.76189772201231,-1.5743585,7.6885557,-0.14834416,14.468168,-29.187767,61.89945,21.321045,8.357161,9.434583,-5.9140105,-15.589025,36.87949,62.65345,-6.9954395,3.3820848,-5.302172
114.0,0.0,0.0,78.1528091430664,0.0,0.0,0.0,1.5167185,2.603943,-1.6905233,9.732557,-11.649945,-2.961529,0.6239143,-7.2306666,-9.147425,12.383621,-10.753038,6.5527606,-49.30922435603061,-1.5743585,7.6885557,-0.14834416,14.468168,-29.187767,61.89945,21.321045,8.357161,9.434583,-5.9140105,-15.589025,36.87949,62.65345,-6.9954395,3.3820848,-5.302172
115.0,0.0,0.0,78.1528091430664,0.0,0.0,0.0,1.5167185,2.603943,-1.6905233,9.732557,-11.649945,-2.961529,0.6239143,-7.2306666,-9.147425,12.383621,-10.753038,6.5527606,-50.797699502733565,-1.5743585,7.6885557,-0.14834416,14.468168,-29.187767,61.89945,21.321045,8.357161,9.434583,-5.9140105,-15.589025,36.87949,62.65345,-6.9954395,3.3820848,-5.302172
116.0,0.0,0.0,78.1528091430664,0.0,0.0,0.0,1.5167185,2.603943,-1.6905233,9.732557,-11.649945,-2.961529,0.6239143,-7.2306666,-9.147425,12.383621,-10.753038,6.5527606,-52.225509684436936,-1.5743585,7.6885557,-0.14834416,14.468168,-29.187767,61.89945,21.321045,8.357161,9.434583,-5.9140105,-15.589025,36.87949,62.65345,-6.9954395,3.3820848,-5.302172
117.0,0.0,0.0,78.1528091430664,0.0,0.0,0.0,1.5167185,2.603943,-1.6905233,9.732557,-11.649945,-2.961529,0.6239143,-7.2306666,-9.147425,12.383621,-10.753038,6.5527606,-53.59091533437158,-1.5743585,7.6885557,-0.14834416,14.468168,-29.187767,61.89945,21.321045,8.357161,9.434583,-5.9140105,-15.589025,36.87949,62.65345,-6.9954395,3.3820848,-5.302172
118.0,0.0,0.0,78.1528091430664,0.0,0.0,0.0,1.5167185,2.603943,-1.6905233,9.732557,-11.649945,-2.961529,0.6239143,-7.2306666,-9.147425,12.383621,-10.753038,6.5527606,-54.892252916077695,-1.5743585,7.6885557,-0.14834416,14.468168,-29.187767,61.89945,21.321045,8.357161,9.434583,-5.9140105,-15.589025,36.87949,62.65345,-6.9954395,3.3820848,-5.302172
119.0,0.0,0.0,78.1528091430664,0.0,0.0,0.0,1.5167185,2.603943,-1.6905233,9.732557,-11.649945,-2.961529,0.6239143,-7.2306666,-9.147425,12.383621,-10.753038,6.5527606,-56.12793695016769,-1.5743585,7.6885557,-0.14834416,14.468168,-29.187767,61.89945,21.321045,8.357161,9.434583,-5.9140105,-15.589025,36.87949,62.65345,-6.9954395,3.3820848,-5.302172
120.0,0.0,0.0,78.1528091430664,0.0,0.0,0.0,1.5167185,2.603943,-1.6905233,9.732557,-11.649945,-2.961529,0.6239143,-7.2306666,-9.147425,12.383621,-10.753038,6.5527606,-57.296461945988504,-1.5743585,7.6885557,-0.14834416,14.468168,-29.187767,61.89945,21.321045,8.357161,9.434583,-5.9140105,-15.589025,36.87949,62.65345,-6.9954395,3.3820848,-5.302172
121.0,0.0,0.0,78.1528091430664,0.0,0.0,0.0,1.5167185,2.603943,-1.6905233,9.732557,-11.649945,-2.961529,0.6239143,-7.2306666,-9.147425,12.383621,-10.753038,6.5527606,-58.39640423583025,-1.5743585,7.6885557,-0.14834416,14.468168,-29.187767,61.89945,21.321045,8.357161,9.434583,-5.9140105,-15.589025,36.87949,62.65345,-6.9954395,3.3820848,-5.302172
122.0,0.0,0.0,78.1528091430664,0.0,0.0,0.0,1.5167185,2.603943,-1.6905233,9.732557,-11.649945,-2.961529,0.6239143,-7.2306666,-9.147425,12.383621,-10.753038,6.5527606,-59.42642370944584,-1.5743585,7.6885557,-0.14834416,14.468168,-29.187767,61.89945,21.321045,8.357161,9.434583,-5.9140105,-15.589025,36.87949,62.65345,-6.9954395,3.3820848,-5.302172
123.0,0.0,0.0,78.1528091430664,0.0,0.0,0.0,1.5167185,2.603943,-1.6905233,9.732557,-11.649945,-2.961529,0.6239143,-7.2306666,-9.147425,12.383621,-10.753038,6.5527606,-60.38526544676906,-1.5743585,7.6885557,-0.14834416,14.468168,-29.187767,61.89945,21.321045,8.357161,9.434583,-5.9140105,-15.589025,36.87949,62.65345,-6.9954395,3.3820848,-5.302172
124.0,0.0,0.0,78.1528091430664,0.0,0.0,0.0,1.5167185,2.603943,-1.6905233,9.732557,-11.649945,-2.961529,0.6239143,-7.2306666,-9.147425,12.383621,-10.753038,6.5527606,-61.27176124684117,-1.5743585,7.6885557,-0.14834416,14.468168,-29.187767,61.89945,21.321045,8.357161,9.434583,-5.9140105,-15.589025,36.87949,62.65345,-6.9954395,3.3820848,-5.302172
125.0,0.0,0.0,78.1528091430664,0.0,0.0,0.0,1.5167185,2.603943,-1.6905233,9.732557,-11.649945,-2.961529,0.6239143,-7.2306666,-9.147425,12.383621,-10.753038,6.5527606,-62.08483105108403,-1.5743585,7.6885557,-0.14834416,14.468168,-29.187767,61.89945,21.321045,8.357161,9.434583,-5.9140105,-15.589025,36.87949,62.65345,-6.9954395,3.3820848,-5.302172
126.0,0.0,0.0,78.1528091430664,0.0,0.0,0.0,1.5167185,2.603943,-1.6905233,9.732557,-11.649945,-2.961529,0.6239143,-7.2306666,-9.147425,12.383621,-10.753038,6.5527606,-62.82348425918498,-1.5743585,7.6885557,-0.14834416,14.468168,-29.187767,61.89945,21.321045,8.357161,9.434583,-5.9140105,-15.589025,36.87949,62.65345,-6.9954395,3.3820848,-5.302172
127.0,0.0,0.0,78.1528091430664,0.0,0.0,0.0,1.5167185,2.603943,-1.6905233,9.732557,-11.649945,-2.961529,0.6239143,-7.2306666,-9.147425,12.383621,-10.753038,6.5527606,-63.486820935990735,-1.5743585,7.6885557,-0.14834416,14.468168,-29.187767,61.89945,21.321045,8.357161,9.434583,-5.9140105,-15.589025,36.87949,62.65345,-6.9954395,3.3820848,-5.302172
128.0,0.0,0.0,78.1528091430664,0.0,0.0,0.0,1.5167185,2.603943,-1.6905233,9.732557,-11.649945,-2.961529,0.6239143,-7.2306666,-9.147425,12.383621,-10.753038,6.5527606,-64.07403290793977,-1.5743585,7.6885557,-0.14834416,14.468168,-29.187767,61.89945,21.321045,8.357161,9.434583,-5.9140105,-15.589025,36.87949,62.65345,-6.9954395,3.3820848,-5.302172
129.0,0.0,0.0,78.1528091430664,0.0,0.0,0.0,1.5167185,2.603943,-1.6905233,9.732557,-11.649945,-2.961529,0.6239143,-7.2306666,-9.147425,12.383621,-10.753038,6.5527606,-64.58440474769736,-1.5743585,7.6885557,-0.14834416,14.468168,-29.187767,61.89945,21.321045,8.357161,9.434583,-5.9140105,-15.589025,36.87949,62.65345,-6.9954395,3.3820848,-5.302172
130.0,0.0,0.0,78.1528091430664,0.0,0.0,0.0,1.5167185,2.603943,-1.6905233,9.732557,-11.649945,-2.961529,0.6239143,-7.2306666,-9.147425,12.383621,-10.753038,6.5527606,-65.01731464579352,-1.5743585,7.6885557,-0.14834416,14.468168,-29.187767,61.89945,21.321045,8.357161,9.434583,-5.9140105,-15.589025,36.87949,62.65345,-6.9954395,3.3820848,-5.302172
131.0,0.0,0.0,78.1528091430664,0.0,0.0,0.0,1.5167185,2.603943,-1.6905233,9.732557,-11.649945,-2.961529,0.6239143,-7.2306666,-9.147425,12.383621,-10.753038,6.5527606,-65.37223516820205,-1.5743585,7.6885557,-0.14834416,14.468168,-29.187767,61.89945,21.321045,8.357161,9.434583,-5.9140105,-15.589025,36.87949,62.65345,-6.9954395,3.3820848,-5.302172
132.0,0.0,0.0,78.1528091430664,0.0,0.0,0.0,1.5167185,2.603943,-1.6905233,9.732557,-11.649945,-2.961529,0.6239143,-7.2306666,-9.147425,12.383621,-10.753038,6.5527606,-65.64873389893776,-1.5743585,7.6885557,-0.14834416,14.468168,-29.187767,61.89945,21.321045,8.357161,9.434583,-5.9140105,-15.589025,36.87949,62.65345,-6.9954395,3.3820848,-5.302172
133.0,0.0,0.0,78.1528091430664,0.0,0.0,0.0,1.5167185,2.603943,-1.6905233,9.732557,-11.649945,-2.961529,0.6239143,-7.2306666,-9.147425,12.383621,-10.753038,6.5527606,-65.84647396688857,-1.5743585,7.6885557,-0.14834416,14.468168,-29.187767,61.89945,21.321045,8.357161,9.434583,-5.9140105,-15.589025,36.87949,62.65345,-6.9954395,3.3820848,-5.302172
134.0,0.0,0.0,78.1528091430664,0.0,0.0,0.0,1.5167185,2.603943,-1.6905233,9.732557,-11.649945,-2.961529,0.6239143,-7.2306666,-9.147425,12.383621,-10.753038,6.5527606,-65.96521445624121,-1.5743585,7.6885557,-0.14834416,14.468168,-29.187767,61.89945,21.321045,8.357161,9.434583,-5.9140105,-15.589025,36.87949,62.65345,-6.9954395,3.3820848,-5.302172
135.0,0.0,0.0,78.1528091430664,0.0,0.0,0.0,1.5167185,2.603943,-1.6905233,9.732557,-11.649945,-2.961529,0.6239143,-7.2306666,-9.147425,12.383621,-10.753038,6.5527606,-66.0048107,-1.5743585,7.6885557,-0.14834416,14.468168,-29.187767,61.89945,21.321045,8.357161,9.434583,-5.9140105,-15.589025,36.87949,62.65345,-6.9954395,3.3820848,-5.302172
136.0,0.0,0.0,78.1528091430664,0.0,0.0,0.0,1.5167185,2.603943,-1.6905233,9.732557,-11.649945,-2.961529,0.6239143,-7.2306666,-9.147425,12.383621,-10.753038,6.5527606,-65.96521445624121,-1.5743585,7.6885557,-0.14834416,14.468168,-29.187767,61.89945,21.321045,8.357161,9.434583,-5.9140105,-15.589025,36.87949,62.65345,-6.9954395,3.3820848,-5.302172
137.0,0.0,0.0,78.1528091430664,0.0,0.0,0.0,1.5167185,2.603943,-1.6905233,9.732557,-11.649945,-2.961529,0.6239143,-7.2306666,-9.147425,12.383621,-10.753038,6.5527606,-65.84647396688857,-1.5743585,7.6885557,-0.14834416,14.468168,-29.187767,61.89945,21.321045,8.357161,9.434583,-5.9140105,-15.589025,36.87949,62.65345,-6.9954395,3.3820848,-5.302172
138.0,0.0,0.0,78.1528091430664,0.0,0.0,0.0,1.5167185,2.603943,-1.6905233,9.732557,-11.649945,-2.961529,0.6239143,-7.2306666,-9.147425,12.383621,-10.753038,6.5527606,-65.64873389893776,-1.5743585,7.6885557,-0.14834416,14.468168,-29.187767,61.89945,21.321045,8.357161,9.434583,-5.9140105,-15.589025,36.87949,62.65345,-6.9954395,3.3820848,-5.302172
139.0,0.0,0.0,78.1528091430664,0.0,0.0,0.0,1.5167185,2.603943,-1.6905233,9.732557,-11.649945,-2.961529,0.6239143,-7.2306666,-9.147425,12.383621,-10.753038,6.5527606,-65.37223516820207,-1.5743585,7.6885557,-0.14834416,14.468168,-29.187767,61.89945,21.321045,8.357161,9.434583,-5.9140105,-15.589025,36.87949,62.65345,-6.9954395,3.3820848,-5.302172
140.0,0.0,0.0,78.1528091430664,0.0,0.0,0.0,1.5167185,2.603943,-1.6905233,9.732557,-11.649945,-2.961529,0.6239143,-7.2306666,-9.147425,12.383621,-10.753038,6.5527606,-65.01731464579352,-1.5743585,7.6885557,-0.14834416,14.468168,-29.187767,61.89945,21.321045,8.357161,9.434583,-5.9140105,-15.589025,36.87949,62.65345,-6.9954395,3.3820848,-5.302172
141.0,0.0,0.0,78.1528091430664,0.0,0.0,0.0,1.5167185,2.603943,-1.6905233,9.732557,-11.649945,-2.961529,0.6239143,-7.2306666,-9.147425,12.383621,-10.753038,6.5527606,-64.58440474769736,-1.5743585,7.6885557,-0.14834416,14.468168,-29.187767,61.89945,21.321045,8.357161,9.434583,-5.9140105,-15.589025,36.87949,62.65345,-6.9954395,3.3820848,-5.302172
142.0,0.0,0.0,78.1528091430664,0.0,0.0,0.0,1.5167185,2.603943,-1.6905233,9.732557,-11.649945,-2.961529,0.6239143,-7.2306666,-9.147425,12.383621,-10.753038,6.5527606,-64.07403290793978,-1.5743585,7.6885557,-0.14834416,14.468168,-29.187767,61.89945,21.321045,8.357161,9.434583,-5.9140105,-15.589025,36.87949,62.65345,-6.9954395,3.3820848,-5.302172
143.0,0.0,0.0,78.1528091430664,0.0,0.0,0.0,1.5167185,2.603943,-1.6905233,9.732557,-11.649945,-2.961529,0.6239143,-7.2306666,-9.147425,12.383621,-10.753038,6.5527606,-63.486820935990735,-1.5743585,7.6885557,-0.14834416,14.468168,-29.187767,61.89945,21.321045,8.357161,9.434583,-5.9140105,-15.589025,36.87949,62.65345,-6.9954395,3.3820848,-5.302172
144.0,0.0,0.0,78.1528091430664,0.0,0.0,0.0,1.5167185,2.603943,-1.6905233,9.732557,-11.649945,-2.961529,0.6239143,-7.2306666,-9.147425,12.383621,-10.753038,6.5527606,-62.82348425918499,-1.5743585,7.6885557,-0.14834416,14.468168,-29.187767,61.89945,21.321045,8.357161,9.434583,-5.9140105,-15.589025,36.87949,62.65345,-6.9954395,3.3820848,-5.302172
145.0,0.0,0.0,78.1528091430664,0.0,0.0,0.0,1.5167185,2.603943,-1.6905233,9.732557,-11.649945,-2.961529,0.6239143,-7.2306666,-9.147425,12.383621,-10.753038,6.5527606,-62.08483105108404,-1.5743585,7.6885557,-0.14834416,14.468168,-29.187767,61.89945,21.321045,8.357161,9.434583,-5.9140105,-15.589025,36.87949,62.65345,-6.9954395,3.3820848,-5.302172
146.0,0.0,0.0,78.1528091430664,0.0,0.0,0.0,1.5167185,2.603943,-1.6905233,9.732557,-11.649945,-2.961529,0.6239143,-7.2306666,-9.147425,12.383621,-10.753038,6.5527606,-61.27176124684118,-1.5743585,7.6885557,-0.14834416,14.468168,-29.187767,61.89945,21.321045,8.357161,9.434583,-5.9140105,-15.589025,36.87949,62.65345,-6.9954395,3.3820848,-5.302172
147.0,0.0,0.0,78.1528091430664,0.0,0.0,0.0,1.5167185,2.603943,-1.6905233,9.732557,-11.649945,-2.961529,0.6239143,-7.2306666,-9.147425,12.383621,-10.753038,6.5527606,-60.38526544676907,-1.5743585,7.6885557,-0.14834416,14.468168,-29.187767,61.89945,21.321045,8.357161,9.434583,-5.9140105,-15.589025,36.87949,62.65345,-6.9954395,3.3820848,-5.302172
148.0,0.0,0.0,78.1528091430664,0.0,0.0,0.0,1.5167185,2.603943,-1.6905233,9.732557,-11.649945,-2.961529,0.6239143,-7.2306666,-9.147425,12.383621,-10.753038,6.5527606,-59.42642370944586,-1.5743585,7.6885557,-0.14834416,14.468168,-29.187767,61.89945,21.321045,8.357161,9.434583,-5.9140105,-15.589025,36.87949,62.65345,-6.9954395,3.3820848,-5.302172
149.0,0.0,0.0,78.1528091430664,0.0,0.0,0.0,1.5167185,2.603943,-1.6905233,9.732557,-11.649945,-2.961529,0.6239143,-7.2306666,-9.147425,12.383621,-10.753038,6.5527606,-58.39640423583026,-1.5743585,7.6885557,-0.14834416,14.468168,-29.187767,61.89945,21.321045,8.357161,9.434583,-5.9140105,-15.589025,36.87949,62.65345,-6.9954395,3.3820848,-5.302172
150.0,0.0,0.0,78.1528091430664,0.0,0.0,0.0,1.5167185,2.603943,-1.6905233,9.732557,-11.649945,-2.961529,0.6239143,-7.2306666,-9.147425,12.383621,-10.753038,6.5527606,-57.29646194598851,-1.5743585,7.6885557,-0.14834416,14.468168,-29.187767,61.89945,21.321045,8.357161,9.434583,-5.9140105,-15.589025,36.87949,62.65345,-6.9954395,3.3820848,-5.302172
151.0,0.0,0.0,78.1528091430664,0.0,0.0,0.0,1.5167185,2.603943,-1.6905233,9.732557,-11.649945,-2.961529,0.6239143,-7.2306666,-9.147425,12.383621,-10.753038,6.5527606,-56.127936950167694,-1.5743585,7.6885557,-0.14834416,14.468168,-29.187767,61.89945,21.321045,8.357161,9.434583,-5.9140105,-15.589025,36.87949,62.65345,-6.9954395,3.3820848,-5.302172
152.0,0.0,0.0,78.1528091430664,0.0,0.0,0.0,1.5167185,2.603943,-1.6905233,9.732557,-11.649945,-2.961529,0.6239143,-7.2306666,-9.147425,12.383621,-10.753038,6.5527606,-54.89225291607771,-1.5743585,7.6885557,-0.14834416,14.468168,-29.187767,61.89945,21.321045,8.357161,9.434583,-5.9140105,-15.589025,36.87949,62.65345,-6.9954395,3.3820848,-5.302172
153.0,0.0,0.0,78.1528091430664,0.0,0.0,0.0,1.5167185,2.603943,-1.6905233,9.732557,-11.649945,-2.961529,0.6239143,-7.2306666,-9.147425,12.383621,-10.753038,6.5527606,-53.590915334371594,-1.5743585,7.6885557,-0.14834416,14.468168,-29.187767,61.89945,21.321045,8.357161,9.434583,-5.9140105,-15.589025,36.87949,62.65345,-6.9954395,3.3820848,-5.302172
154.0,0.0,0.0,78.1528091430664,0.0,0.0,0.0,1.5167185,2.603943,-1.6905233,9.732557,-11.649945,-2.961529,0.6239143,-7.2306666,-9.147425,12.383621,-10.753038,6.5527606,-52.22550968443695,-1.5743585,7.6885557,-0.14834416,14.468168,-29.187767,61.89945,21.321045,8.357161,9.434583,-5.9140105,-15.589025,36.87949,62.65345,-6.9954395,3.3820848,-5.302172
155.0,0.0,0.0,78.1528091430664,0.0,0.0,0.0,1.5167185,2.603943,-1.6905233,9.732557,-11.649945,-2.961529,0.6239143,-7.2306666,-9.147425,12.383621,-10.753038,6.5527606,-50.79769950273358,-1.5743585,7.6885557,-0.14834416,14.468168,-29.187767,61.89945,21.321045,8.357161,9.434583,-5.9140105,-15.589025,36.87949,62.65345,-6.9954395,3.3820848,-5.302172
156.0,0.0,0.0,78.1528091430664,0.0,0.0,0.0,1.5167185,2.603943,-1.6905233,9.732557,-11.649945,-2.961529,0.6239143,-7.2306666,-9.147425,12.383621,-10.753038,6.5527606,-49.30922435603061,-1.5743585,7.6885557,-0.14834416,14.468168,-29.187767,61.89945,21.321045,8.357161,9.434583,-5.9140105,-15.589025,36.87949,62.65345,-6.9954395,3.3820848,-5.302172
157.0,0.0,0.0,78.1528091430664,0.0,0.0,0.0,1.5167185,2.603943,-1.6905233,9.732557,-11.649945,-2.961529,0.6239143,-7.2306666,-9.147425,12.383621,-10.753038,6.5527606,-47.76189772201232,-1.5743585,7.6885557,-0.14834416,14.468168,-29.187767,61.89945,21.321045,8.357161,9.434583,-5.9140105,-15.589025,36.87949,62.65345,-6.9954395,3.3820848,-5.302172
158.0,0.0,0.0,78.1528091430664,0.0,0.0,0.0,1.5167185,2.603943,-1.6905233,9.732557,-11.649945,-2.961529,0.6239143,-7.2306666,-9.147425,12.383621,-10.753038,6.5527606,-46.15760477983484,-1.5743585,7.6885557,-0.14834416,14.468168,-29.187767,61.89945,21.321045,8.357161,9.434583,-5.9140105,-15.589025,36.87949,62.65345,-6.9954395,3.3820848,-5.302172
159.0,0.0,0.0,78.1528091430664,0.0,0.0,0.0,1.5167185,2.603943,-1.6905233,9.732557,-11.649945,-2.961529,0.6239143,-7.2306666,-9.147425,12.383621,-10.753038,6.5527606,-44.49830011332582,-1.5743585,7.6885557,-0.14834416,14.468168,-29.187767,61.89945,21.321045,8.357161,9.434583,-5.9140105,-15.589025,36.87949,62.65345,-6.9954395,3.3820848,-5.302172
160.0,0.0,0.0,78.1528091430664,0.0,0.0,0.0,1.5167185,2.603943,-1.6905233,9.732557,-11.649945,-2.961529,0.6239143,-7.2306666,-9.147425,12.383621,-10.753038,6.5527606,-42.78600532962507,-1.5743585,7.6885557,-0.14834416,14.468168,-29.187767,61.89945,21.321045,8.357161,9.434583,-5.9140105,-15.589025,36.87949,62.65345,-6.9954395,3.3820848,-5.302172
161.0,0.0,0.0,78.1528091430664,0.0,0.0,0.0,1.5167185,2.603943,-1.6905233,9.732557,-11.649945,-2.961529,0.6239143,-7.2306666,-9.147425,12.383621,-10.753038,6.5527606,-41.02280659616778,-1.5743585,7.6885557,-0.14834416,14.468168,-29.187767,61.89945,21.321045,8.357161,9.434583,-5.9140105,-15.589025,36.87949,62.65345,-6.9954395,3.3820848,-5.302172
162.0,0.0,0.0,78.1528091430664,0.0,0.0,0.0,1.5167185,2.603943,-1.6905233,9.732557,-11.649945,-2.961529,0.6239143,-7.2306666,-9.147425,12.383621,-10.753038,6.5527606,-39.21085209901077,-1.5743585,7.6885557,-0.14834416,14.468168,-29.187767,61.89945,21.321045,8.357161,9.434583,-5.9140105,-15.589025,36.87949,62.65345,-6.9954395,3.3820848,-5.302172
163.0,0.0,0.0,78.1528091430664,0.0,0.0,0.0,1.5167185,2.603943,-1.6905233,9.732557,-11.649945,-2.961529,0.6239143,-7.2306666,-9.147425,12.383621,-10.753038,6.5527606,-37.352349425598575,-1.5743585,7.6885557,-0.14834416,14.468168,-29.187767,61.89945,21.321045,8.357161,9.434583,-5.9140105,-15.589025,36.87949,62.65345,-6.9954395,3.3820848,-5.302172
164.0,0.0,0.0,78.1528091430664,0.0,0.0,0.0,1.5167185,2.603943,-1.6905233,9.732557,-11.649945,-2.961529,0.6239143,-7.2306666,-9.147425,12.383621,-10.753038,6.5527606,-35.44956287515833,-1.5743585,7.6885557,-0.14834416,14.468168,-29.187767,61.89945,21.321045,8.357161,9.434583,-5.9140105,-15.589025,36.87949,62.65345,-6.9954395,3.3820848,-5.302172
165.0,0.0,0.0,78.1528091430664,0.0,0.0,0.0,1.5167185,2.603943,-1.6905233,9.732557,-11.649945,-2.961529,0.6239143,-7.2306666,-9.147425,12.383621,-10.753038,6.5527606,-33.50481070000003,-1.5743585,7.6885557,-0.14834416,14.468168,-29.187767,61.89945,21.321045,8.357161,9.434583,-5.9140105,-15.589025,36.87949,62.65345,-6.9954395,3.3820848,-5.302172
166.0,0.0,0.0,78.1528091430664,0.0,0.0,0.0,1.5167185,2.603943,-1.6905233,9.732557,-11.649945,-2.961529,0.6239143,-7.2306666,-9.147425,12.383621,-10.753038,6.5527606,-31.520462281082903,-1.5743585,7.6885557,-0.14834416,14.468168,-29.187767,61.89945,21.321045,8.357161,9.434583,-5.9140105,-15.589025,36.87949,62.65345,-6.9954395,3.3820848,-5.302172
167.0,0.0,0.0,78.1528091430664,0.0,0.0,0.0,1.5167185,2.603943,-1.6905233,9.732557,-11.649945,-2.961529,0.6239143,-7.2306666,-9.147425,12.383621,-10.753038,6.5527606,-29.498935241290056,-1.5743585,7.6885557,-0.14834416,14.468168,-29.187767,61.89945,21.321045,8.357161,9.434583,-5.9140105,-15.589025,36.87949,62.65345,-6.9954395,3.3820848,-5.302172
168.0,0.0,0.0,78.1528091430664,0.0,0.0,0.0,1.5167185,2.603943,-1.6905233,9.732557,-11.649945,-2.961529,0.6239143,-7.2306666,-9.147425,12.383621,-10.753038,6.5527606,-27.44269249992701,-1.5743585,7.6885557,-0.14834416,14.468168,-29.187767,61.89945,21.321045,8.357161,9.434583,-5.9140105,-15.589025,36.87949,62.65345,-6.9954395,3.3820848,-5.302172
169.0,0.0,0.0,78.1528091430664,0.0,0.0,0.0,1.5167185,2.603943,-1.6905233,9.732557,-11.649945,-2.961529,0.6239143,-7.2306666,-9.147425,12.383621,-10.753038,6.5527606,-25.354239272034302,-1.5743585,7.6885557,-0.14834416,14.468168,-29.187767,61.89945,21.321045,8.357161,9.434583,-5.9140105,-15.589025,36.87949,62.65345,-6.9954395,3.3820848,-5.302172
170.0,0.0,0.0,78.1528091430664,0.0,0.0,0.0,1.5167185,2.603943,-1.6905233,9.732557,-11.649945,-2.961529,0.6239143,-7.2306666,-9.147425,12.383621,-10.753038,6.5527606,-23.236120016168513,-1.5743585,7.6885557,-0.14834416,14.468168,-29.187767,61.89945,21.321045,8.357161,9.434583,-5.9140105,-15.589025,36.87949,62.65345,-6.9954395,3.3820848,-5.302172
171.0,0.0,0.0,78.1528091430664,0.0,0.0,0.0,1.5167185,2.603943,-1.6905233,9.732557,-11.649945,-2.961529,0.6239143,-7.2306666,-9.147425,12.383621,-10.753038,6.5527606,-21.090915334371598,-1.5743585,7.6885557,-0.14834416,14.468168,-29.187767,61.89945,21.321045,8.357161,9.434583,-5.9140105,-15.589025,36.87949,62.65345,-6.9954395,3.3820848,-5.302172
172.0,0.0,0.0,78.1528091430664,0.0,0.0,0.0,1.5167185,2.603943,-1.6905233,9.732557,-11.649945,-2.961529,0.6239143,-7.2306666,-9.147425,12.383621,-10.753038,6.5527606,-18.921238828104933,-1.5743585,7.6885557,-0.14834416,14.468168,-29.187767,61.89945,21.321045,8.357161,9.434583,-5.9140105,-15.589025,36.87949,62.65345,-6.9954395,3.3820848,-5.302172
173.0,0.0,0.0,78.1528091430664,0.0,0.0,0.0,1.5167185,2.603943,-1.6905233,9.732557,-11.649945,-2.961529,0.6239143,-7.2306666,-9.147425,12.383621,-10.753038,6.5527606,-16.72973391397841,-1.5743585,7.6885557,-0.14834416,14.468168,-29.187767,61.89945,21.321045,8.357161,9.434583,-5.9140105,-15.589025,36.87949,62.65345,-6.9954395,3.3820848,-5.302172
174.0,0.0,0.0,78.1528091430664,0.0,0.0,0.0,1.5167185,2.603943,-1.6905233,9.732557,-11.649945,-2.961529,0.6239143,-7.2306666,-9.147425,12.383621,-10.753038,6.5527606,-14.519070603154391,-1.5743585,7.6885557,-0.14834416,14.468168,-29.187767,61.89945,21.321045,8.357161,9.434583,-5.9140105,-15.589025,36.87949,62.65345,-6.9954395,3.3820848,-5.302172
175.0,0.0,0.0,78.1528091430664,0.0,0.0,0.0,1.5167185,2.603943,-1.6905233,9.732557,-11.649945,-2.961529,0.6239143,-7.2306666,-9.147425,12.383621,-10.753038,6.5527606,-12.291942248350475,-1.5743585,7.6885557,-0.14834416,14.468168,-29.187767,61.89945,21.321045,8.357161,9.434583,-5.9140105,-15.589025,36.87949,62.65345,-6.9954395,3.3820848,-5.302172
176.0,0.0,0.0,78.1528091430664,0.0,0.0,0.0,1.5167185,2.603943,-1.6905233,9.732557,-11.649945,-2.961529,0.6239143,-7.2306666,-9.147425,12.383621,-10.753038,6.5527606,-10.051062262404283,-1.5743585,7.6885557,-0.14834416,14.468168,-29.187767,61.89945,21.321045,8.357161,9.434583,-5.9140105,-15.589025,36.87949,62.65345,-6.9954395,3.3820848,-5.302172
177.0,0.0,0.0,78.1528091430664,0.0,0.0,0.0,1.5167185,2.603943,-1.6905233,9.732557,-11.649945,-2.961529,0.6239143,-7.2306666,-9.147425,12.383621,-10.753038,6.5527606,-7.79916081239753,-1.5743585,7.6885557,-0.14834416,14.468168,-29.187767,61.89945,21.321045,8.357161,9.434583,-5.9140105,-15.589025,36.87949,62.65345,-6.9954395,3.3820848,-5.302172
178.0,0.0,0.0,78.1528091430664,0.0,0.0,0.0,1.5167185,2.603943,-1.6905233,9.732557,-11.649945,-2.961529,0.6239143,-7.2306666,-9.147425,12.383621,-10.753038,6.5527606,-5.5389814933681665,-1.5743585,7.6885557,-0.14834416,14.468168,-29.187767,61.89945,21.321045,8.357161,9.434583,-5.9140105,-15.589025,36.87949,62.65345,-6.9954395,3.3820848,-5.302172
179.0,0.0,0.0,78.1528091430664,0.0,0.0,0.0,1.5167185,2.603943,-1.6905233,9.732557,-11.649945,-2.961529,0.6239143,-7.2306666,-9.147425,12.383621,-10.753038,6.5527606,-3.2732779856625536,-1.5743585,7.6885557,-0.14834416,14.468168,-29.187767,61.89945,21.321045,8.357161,9.434583,-5.9140105,-15.589025,36.87949,62.65345,-6.9954395,3.3820848,-5.302172
180.0,0.0,0.0,78.1528091430664,0.0,0.0,0.0,1.5167185,2.603943,-1.6905233,9.732557,-11.649945,-2.961529,0.6239143,-7.2306666,-9.147425,12.383621,-10.753038,6.5527606,-1.004810700000016,-1.5743585,7.6885557,-0.14834416,14.468168,-29.187767,61.89945,21.321045,8.357161,9.434583,-5.9140105,-15.589025,36.87949,62.65345,-6.9954395,3.3820848,-5.302172
181.0,0.0,0.0,78.1528091430664,0.0,0.0,0.0,1.5167185,2.603943,-1.6905233,9.732557,-11.649945,-2.961529,0.6239143,-7.2306666,-9.147425,12.383621,-10.753038,6.5527606,1.2636565856625215,-1.5743585,7.6885557,-0.14834416,14.468168,-29.187767,61.89945,21.321045,8.357161,9.434583,-5.9140105,-15.589025,36.87949,62.65345,-6.9954395,3.3820848,-5.302172
182.0,0.0,0.0,78.1528091430664,0.0,0.0,0.0,1.5167185,2.603943,-1.6905233,9.732557,-11.649945,-2.961529,0.6239143,-7.2306666,-9.147425,12.383621,-10.753038,6.5527606,3.529360093368134,-1.5743585,7.6885557,-0.14834416,14.468168,-29.187767,61.89945,21.321045,8.357161,9.434583,-5.9140105,-15.589025,36.87949,62.65345,-6.9954395,3.3820848,-5.302172
183.0,0.0,0.0,78.1528091430664,0.0,0.0,0.0,1.5167185,2.603943,-1.6905233,9.732557,-11.649945,-2.961529,0.6239143,-7.2306666,-9.147425,12.383621,-10.753038,6.5527606,5.78953941239744,-1.5743585,7.6885557,-0.14834416,14.468168,-29.187767,61.89945,21.321045,8.357161,9.434583,-5.9140105,-15.589025,36.87949,62.65345,-6.9954395,3.3820848,-5.302172
184.0,0.0,0.0,78.1528091430664,0.0,0.0,0.0,1.5167185,2.603943,-1.6905233,9.732557,-11.649945,-2.961529,0.6239143,-7.2306666,-9.147425,12.383621,-10.753038,6.5527606,8.041440862404194,-1.5743585,7.6885557,-0.14834416,14.468168,-29.187767,61.89945,21.321045,8.357161,9.434583,-5.9140105,-15.589025,36.87949,62.65345,-6.9954395,3.3820848,-5.302172
185.0,0.0,0.0,78.1528091430664,0.0,0.0,0.0,1.5167185,2.603943,-1.6905233,9.732557,-11.649945,-2.961529,0.6239143,-7.2306666,-9.147425,12.383621,-10.753038,6.5527606,10.282320848350444,-1.5743585,7.6885557,-0.14834416,14.468168,-29.187767,61.89945,21.321045,8.357161,9.434583,-5.9140105,-15.589025,36.87949,62.65345,-6.9954395,3.3820848,-5.302172
186.0,0.0,0.0,78.1528091430664,0.0,0.0,0.0,1.5167185,2.603943,-1.6905233,9.732557,-11.649945,-2.961529,0.6239143,-7.2306666,-9.147425,12.383621,-10.753038,6.5527606,12.50944920315436,-1.5743585,7.6885557,-0.14834416,14.468168,-29.187767,61.89945,21.321045,8.357161,9.434583,-5.9140105,-15.589025,36.87949,62.65345,-6.9954395,3.3820848,-5.302172
187.0,0.0,0.0,78.1528091430664,0.0,0.0,0.0,1.5167185,2.603943,-1.6905233,9.732557,-11.649945,-2.961529,0.6239143,-7.2306666,-9.147425,12.383621,-10.753038,6.5527606,14.720112513978435,-1.5743585,7.6885557,-0.14834416,14.468168,-29.187767,61.89945,21.321045,8.357161,9.434583,-5.9140105,-15.589025,36.87949,62.65345,-6.9954395,3.3820848,-5.302172
188.0,0.0,0.0,78.1528091430664,0.0,0.0,0.0,1.5167185,2.603943,-1.6905233,9.732557,-11.649945,-2.961529,0.6239143,-7.2306666,-9.147425,12.383621,-10.753038,6.5527606,16.911617428104957,-1.5743585,7.6885557,-0.14834416,14.468168,-29.187767,61.89945,21.321045,8.357161,9.434583,-5.9140105,-15.589025,36.87949,62.65345,-6.9954395,3.3820848,-5.302172
189.0,0.0,0.0,78.1528091430664,0.0,0.0,0.0,1.5167185,2.603943,-1.6905233,9.732557,-11.649945,-2.961529,0.6239143,-7.2306666,-9.147425,12.383621,-10.753038,6.5527606,19.081293934371566,-1.5743585,7.6885557,-0.14834416,14.468168,-29.187767,61.89945,21.321045,8.357161,9.434583,-5.9140105,-15.589025,36.87949,62.65345,-6.9954395,3.3820848,-5.302172
190.0,0.0,0.0,78.1528091430664,0.0,0.0,0.0,1.5167185,2.603943,-1.6905233,9.732557,-11.649945,-2.961529,0.6239143,-7.2306666,-9.147425,12.383621,-10.753038,6.5527606,21.22649861616848,-1.5743585,7.6885557,-0.14834416,14.468168,-29.187767,61.89945,21.321045,8.357161,9.434583,-5.9140105,-15.589025,36.87949,62.65345,-6.9954395,3.3820848,-5.302172
191.0,0.0,0.0,78.1528091430664,0.0,0.0,0.0,1.5167185,2.603943,-1.6905233,9.732557,-11.649945,-2.961529,0.6239143,-7.2306666,-9.147425,12.383621,-10.753038,6.5527606,23.344617872034274,-1.5743585,7.6885557,-0.14834416,14.468168,-29.187767,61.89945,21.321045,8.357161,9.434583,-5.9140105,-15.589025,36.87949,62.65345,-6.9954395,3.3820848,-5.302172
192.0,0.0,0.0,78.1528091430664,0.0,0.0,0.0,1.5167185,2.603943,-1.6905233,9.732557,-11.649945,-2.961529,0.6239143,-7.2306666,-9.147425,12.383621,-10.753038,6.5527606,25.43307109992698,-1.5743585,7.6885557,-0.14834416,14.468168,-29.187767,61.89945,21.321045,8.357161,9.434583,-5.9140105,-15.589025,36.87949,62.65345,-6.9954395,3.3820848,-5.302172
193.0,0.0,0.0,78.1528091430664,0.0,0.0,0.0,1.5167185,2.603943,-1.6905233,9.732557,-11.649945,-2.961529,0.6239143,-7.2306666,-9.147425,12.383621,-10.753038,6.5527606,27.489313841290027,-1.5743585,7.6885557,-0.14834416,14.468168,-29.187767,61.89945,21.321045,8.357161,9.434583,-5.9140105,-15.589025,36.87949,62.65345,-6.9954395,3.3820848,-5.302172
194.0,0.0,0.0,78.1528091430664,0.0,0.0,0.0,1.5167185,2.603943,-1.6905233,9.732557,-11.649945,-2.961529,0.6239143,-7.2306666,-9.147425,12.383621,-10.753038,6.5527606,29.510840881082874,-1.5743585,7.6885557,-0.14834416,14.468168,-29.187767,61.89945,21.321045,8.357161,9.434583,-5.9140105,-15.589025,36.87949,62.65345,-6.9954395,3.3820848,-5.302172
195.0,0.0,0.0,78.1528091430664,0.0,0.0,0.0,1.5167185,2.603943,-1.6905233,9.732557,-11.649945,-2.961529,0.6239143,-7.2306666,-9.147425,12.383621,-10.753038,6.5527606,31.49518929999995,-1.5743585,7.6885557,-0.14834416,14.468168,-29.187767,61.89945,21.321045,8.357161,9.434583,-5.9140105,-15.589025,36.87949,62.65345,-6.9954395,3.3820848,-5.302172
196.0,0.0,0.0,78.1528091430664,0.0,0.0,0.0,1.5167185,2.603943,-1.6905233,9.732557,-11.649945,-2.961529,0.6239143,-7.2306666,-9.147425,12.383621,-10.753038,6.5527606,33.43994147515826,-1.5743585,7.6885557,-0.14834416,14.468168,-29.187767,61.89945,21.321045,8.357161,9.434583,-5.9140105,-15.589025,36.87949,62.65345,-6.9954395,3.3820848,-5.302172
197.0,0.0,0.0,78.1528091430664,0.0,0.0,0.0,1.5167185,2.603943,-1.6905233,9.732557,-11.649945,-2.961529,0.6239143,-7.2306666,-9.147425,12.383621,-10.753038,6.5527606,35.34272802559855,-1.5743585,7.6885557,-0.14834416,14.468168,-29.187767,61.89945,21.321045,8.357161,9.434583,-5.9140105,-15.589025,36.87949,62.65345,-6.9954395,3.3820848,-5.302172
198.0,0.0,0.0,78.1528091430664,0.0,0.0,0.0,1.5167185,2.603943,-1.6905233,9.732557,-11.649945,-2.961529,0.6239143,-7.2306666,-9.147425,12.383621,-10.753038,6.5527606,37.201230699010786,-1.5743585,7.6885557,-0.14834416,14.468168,-29.187767,61.89945,21.321045,8.357161,9.434583,-5.9140105,-15.589025,36.87949,62.65345,-6.9954395,3.3820848,-5.302172
199.0,0.0,0.0,78.1528091430664,0.0,0.0,0.0,1.5167185,2.603943,-1.6905233,9.732557,-11.649945,-2.961529,0.6239143,-7.2306666,-9.147425,12.383621,-10.753038,6.5527606,39.0131851961678,-1.5743585,7.6885557,-0.14834416,14.468168,-29.187767,61.89945,21.321045,8.357161,9.434583,-5.9140105,-15.589025,36.87949,62.65345,-6.9954395,3.3820848,-5.302172
200.0,0.0,0.0,78.1528091430664,0.0,0.0,0.0,1.5167185,2.603943,-1.6905233,9.732557,-11.649945,-2.961529,0.6239143,-7.2306666,-9.147425,12.383621,-10.753038,6.5527606,40.77638392962505,-1.5743585,7.6885557,-0.14834416,14.468168,-29.187767,61.89945,21.321045,8.357161,9.434583,-5.9140105,-15.589025,36.87949,62.65345,-6.9954395,3.3820848,-5.302172
201.0,0.0,0.0,78.1528091430664,0.0,0.0,0.0,1.5167185,2.603943,-1.6905233,9.732557,-11.649945,-2.961529,0.6239143,-7.2306666,-9.147425,12.383621,-10.753038,6.5527606,42.4886787133258,-1.5743585,7.6885557,-0.14834416,14.468168,-29.187767,61.89945,21.321045,8.357161,9.434583,-5.9140105,-15.589025,36.87949,62.65345,-6.9954395,3.3820848,-5.302172
202.0,0.0,0.0,78.1528091430664,0.0,0.0,0.0,1.5167185,2.603943,-1.6905233,9.732557,-11.649945,-2.961529,0.6239143,-7.2306666,-9.147425,12.383621,-10.753038,6.5527606,44.14798337983482,-1.5743585,7.6885557,-0.14834416,14.468168,-29.187767,61.89945,21.321045,8.357161,9.434583,-5.9140105,-15.589025,36.87949,62.65345,-6.9954395,3.3820848,-5.302172
203.0,0.0,0.0,78.1528091430664,0.0,0.0,0.0,1.5167185,2.603943,-1.6905233,9.732557,-11.649945,-2.961529,0.6239143,-7.2306666,-9.147425,12.383621,-10.753038,6.5527606,45.75227632201231,-1.5743585,7.6885557,-0.14834416,14.468168,-29.187767,61.89945,21.321045,8.357161,9.434583,-5.9140105,-15.589025,36.87949,62.65345,-6.9954395,3.3820848,-5.302172
204.0,0.0,0.0,78.1528091430664,0.0,0.0,0.0,1.5167185,2.603943,-1.6905233,9.732557,-11.649945,-2.961529,0.6239143,-7.2306666,-9.147425,12.383621,-10.753038,6.5527606,47.29960295603059,-1.5743585,7.6885557,-0.14834416,14.468168,-29.187767,61.89945,21.321045,8.357161,9.434583,-5.9140105,-15.589025,36.87949,62.65345,-6.9954395,3.3820848,-5.302172
205.0,0.0,0.0,78.1528091430664,0.0,0.0,0.0,1.5167185,2.603943,-1.6905233,9.732557,-11.649945,-2.961529,0.6239143,-7.2306666,-9.147425,12.383621,-10.753038,6.5527606,48.78807810273356,-1.5743585,7.6885557,-0.14834416,14.468168,-29.187767,61.89945,21.321045,8.357161,9.434583,-5.9140105,-15.589025,36.87949,62.65345,-6.9954395,3.3820848,-5.302172
206.0,0.0,0.0,78.1528091430664,0.0,0.0,0.0,1.5167185,2.603943,-1.6905233,9.732557,-11.649945,-2.961529,0.6239143,-7.2306666,-9.147425,12.383621,-10.753038,6.5527606,50.21588828443689,-1.5743585,7.6885557,-0.14834416,14.468168,-29.187767,61.89945,21.321045,8.357161,9.434583,-5.9140105,-15.589025,36.87949,62.65345,-6.9954395,3.3820848,-5.302172
207.0,0.0,0.0,78.1528091430664,0.0,0.0,0.0,1.5167185,2.603943,-1.6905233,9.732557,-11.649945,-2.961529,0.6239143,-7.2306666,-9.147425,12.383621,-10.753038,6.5527606,51.581293934371544,-1.5743585,7.6885557,-0.14834416,14.468168,-29.187767,61.89945,21.321045,8.357161,9.434583,-5.9140105,-15.589025,36.87949,62.65345,-6.9954395,3.3820848,-5.302172
208.0,0.0,0.0,78.1528091430664,0.0,0.0,0.0,1.5167185,2.603943,-1.6905233,9.732557,-11.649945,-2.961529,0.6239143,-7.2306666,-9.147425,12.383621,-10.753038,6.5527606,52.88263151607769,-1.5743585,7.6885557,-0.14834416,14.468168,-29.187767,61.89945,21.321045,8.357161,9.434583,-5.9140105,-15.589025,36.87949,62.65345,-6.9954395,3.3820848,-5.302172
209.0,0.0,0.0,78.1528091430664,0.0,0.0,0.0,1.5167185,2.603943,-1.6905233,9.732557,-11.649945,-2.961529,0.6239143,-7.2306666,-9.147425,12.383621,-10.753038,6.5527606,54.11831555016771,-1.5743585,7.6885557,-0.14834416,14.468168,-29.187767,61.89945,21.321045,8.357161,9.434583,-5.9140105,-15.589025,36.87949,62.65345,-6.9954395,3.3820848,-5.302172
210.0,0.0,0.0,78.1528091430664,0.0,0.0,0.0,1.5167185,2.603943,-1.6905233,9.732557,-11.649945,-2.961529,0.6239143,-7.2306666,-9.147425,12.383621,-10.753038,6.5527606,55.286840545988525,-1.5743585,7.6885557,-0.14834416,14.468168,-29.187767,61.89945,21.321045,8.357161,9.434583,-5.9140105,-15.589025,36.87949,62.65345,-6.9954395,3.3820848,-5.302172
211.0,0.0,0.0,78.1528091430664,0.0,0.0,0.0,1.5167185,2.603943,-1.6905233,9.732557,-11.649945,-2.961529,0.6239143,-7.2306666,-9.147425,12.383621,-10.753038,6.5527606,56.386782835830246,-1.5743585,7.6885557,-0.14834416,14.468168,-29.187767,61.89945,21.321045,8.357161,9.434583,-5.9140105,-15.589025,36.87949,62.65345,-6.9954395,3.3820848,-5.302172
212.0,0.0,0.0,78.1528091430664,0.0,0.0,0.0,1.5167185,2.603943,-1.6905233,9.732557,-11.649945,-2.961529,0.6239143,-7.2306666,-9.147425,12.383621,-10.753038,6.5527606,57.41680230944584,-1.5743585,7.6885557,-0.14834416,14.468168,-29.187767,61.89945,21.321045,8.357161,9.434583,-5.9140105,-15.589025,36.87949,62.65345,-6.9954395,3.3820848,-5.302172
213.0,0.0,0.0,78.1528091430664,0.0,0.0,0.0,1.5167185,2.603943,-1.6905233,9.732557,-11.649945,-2.961529,0.6239143,-7.2306666,-9.147425,12.383621,-10.753038,6.5527606,58.375644046769054,-1.5743585,7.6885557,-0.14834416,14.468168,-29.187767,61.89945,21.321045,8.357161,9.434583,-5.9140105,-15.589025,36.87949,62.65345,-6.9954395,3.3820848,-5.302172
214.0,0.0,0.0,78.1528091430664,0.0,0.0,0.0,1.5167185,2.603943,-1.6905233,9.732557,-11.649945,-2.961529,0.6239143,-7.2306666,-9.147425,12.383621,-10.753038,6.5527606,59.262139846841166,-1.5743585,7.6885557,-0.14834416,14.468168,-29.187767,61.89945,21.321045,8.357161,9.434583,-5.9140105,-15.589025,36.87949,62.65345,-6.9954395,3.3820848,-5.302172
215.0,0.0,0.0,78.1528091430664,0.0,0.0,0.0,1.5167185,2.603943,-1.6905233,9.732557,-11.649945,-2.961529,0.6239143,-7.2306666,-9.147425,12.383621,-10.753038,6.5527606,60.07520965108402,-1.5743585,7.6885557,-0.14834416,14.468168,-29.187767,61.89945,21.321045,8.357161,9.434583,-5.9140105,-15.589025,36.87949,62.65345,-6.9954395,3.3820848,-5.302172
216.0,0.0,0.0,78.1528091430664,0.0,0.0,0.0,1.5167185,2.603943,-1.6905233,9.732557,-11.649945,-2.961529,0.6239143,-7.2306666,-9.147425,12.383621,-10.753038,6.5527606,60.81386285918498,-1.5743585,7.6885557,-0.14834416,14.468168,-29.187767,61.89945,21.321045,8.357161,9.434583,-5.9140105,-15.589025,36.87949,62.65345,-6.9954395,3.3820848,-5.302172
217.0,0.0,0.0,78.1528091430664,0.0,0.0,0.0,1.5167185,2.603943,-1.6905233,9.732557,-11.649945,-2.961529,0.6239143,-7.2306666,-9.147425,12.383621,-10.753038,6.5527606,61.477199535990714,-1.5743585,7.6885557,-0.14834416,14.468168,-29.187767,61.89945,21.321045,8.357161,9.434583,-5.9140105,-15.589025,36.87949,62.65345,-6.9954395,3.3820848,-5.302172
218.0,0.0,0.0,78.1528091430664,0.0,0.0,0.0,1.5167185,2.603943,-1.6905233,9.732557,-11.649945,-2.961529,0.6239143,-7.2306666,-9.147425,12.383621,-10.753038,6.5527606,62.06441150793976,-1.5743585,7.6885557,-0.14834416,14.468168,-29.187767,61.89945,21.321045,8.357161,9.434583,-5.9140105,-15.589025,36.87949,62.65345,-6.9954395,3.3820848,-5.302172
219.0,0.0,0.0,78.1528091430664,0.0,0.0,0.0,1.5167185,2.603943,-1.6905233,9.732557,-11.649945,-2.961529,0.6239143,-7.2306666,-9.147425,12.383621,-10.753038,6.5527606,62.574783347697355,-1.5743585,7.6885557,-0.14834416,14.468168,-29.187767,61.89945,21.321045,8.357161,9.434583,-5.9140105,-15.589025,36.87949,62.65345,-6.9954395,3.3820848,-5.302172
220.0,0.0,0.0,78.1528091430664,0.0,0.0,0.0,1.5167185,2.603943,-1.6905233,9.732557,-11.649945,-2.961529,0.6239143,-7.2306666,-9.147425,12.383621,-10.753038,6.5527606,63.007693245793526,-1.5743585,7.6885557,-0.14834416,14.468168,-29.187767,61.89945,21.321045,8.357161,9.434583,-5.9140105,-15.589025,36.87949,62.65345,-6.9954395,3.3820848,-5.302172
221.0,0.0,0.0,78.1528091430664,0.0,0.0,0.0,1.5167185,2.603943,-1.6905233,9.732557,-11.649945,-2.961529,0.6239143,-7.2306666,-9.147425,12.383621,-10.753038,6.5527606,63.362613768202074,-1.5743585,7.6885557,-0.14834416,14.468168,-29.187767,61.89945,21.321045,8.357161,9.434583,-5.9140105,-15.589025,36.87949,62.65345,-6.9954395,3.3820848,-5.302172
222.0,0.0,0.0,78.1528091430664,0.0,0.0,0.0,1.5167185,2.603943,-1.6905233,9.732557,-11.649945,-2.961529,0.6239143,-7.2306666,-9.147425,12.383621,-10.753038,6.5527606,63.63911249893777,-1.5743585,7.6885557,-0.14834416,14.468168,-29.187767,61.89945,21.321045,8.357161,9.434583,-5.9140105,-15.589025,36.87949,62.65345,-6.9954395,3.3820848,-5.302172
223.0,0.0,0.0,78.1528091430664,0.0,0.0,0.0,1.5167185,2.603943,-1.6905233,9.732557,-11.649945,-2.961529,0.6239143,-7.2306666,-9.147425,12.383621,-10.753038,6.5527606,63.836852566888574,-1.5743585,7.6885557,-0.14834416,14.468168,-29.187767,61.89945,21.321045,8.357161,9.434583,-5.9140105,-15.589025,36.87949,62.65345,-6.9954395,3.3820848,-5.302172
224.0,0.0,0.0,78.1528091430664,0.0,0.0,0.0,1.5167185,2.603943,-1.6905233,9.732557,-11.649945,-2.961529,0.6239143,-7.2306666,-9.147425,12.383621,-10.753038,6.5527606,63.95559305624122,-1.5743585,7.6885557,-0.14834416,14.468168,-29.187767,61.89945,21.321045,8.357161,9.434583,-5.9140105,-15.589025,36.87949,62.65345,-6.9954395,3.3820848,-5.302172
225.0,0.0,0.0,78.1528091430664,0.0,0.0,0.0,1.5167185,2.603943,-1.6905233,9.732557,-11.649945,-2.961529,0.6239143,-7.2306666,-9.147425,12.383621,-10.753038,6.5527606,63.9951893,-1.5743585,7.6885557,-0.14834416,14.468168,-29.187767,61.89945,21.321045,8.357161,9.434583,-5.9140105,-15.589025,36.87949,62.65345,-6.9954395,3.3820848,-5.302172
226.0,0.0,0.0,78.1528091430664,0.0,0.0,0.0,1.5167185,2.603943,-1.6905233,9.732557,-11.649945,-2.961529,0.6239143,-7.2306666,-9.147425,12.383621,-10.753038,6.5527606,63.95559305624122,-1.5743585,7.6885557,-0.14834416,14.468168,-29.187767,61.89945,21.321045,8.357161,9.434583,-5.9140105,-15.589025,36.87949,62.65345,-6.9954395,3.3820848,-5.302172
227.0,0.0,0.0,78.1528091430664,0.0,0.0,0.0,1.5167185,2.603943,-1.6905233,9.732557,-11.649945,-2.961529,0.6239143,-7.2306666,-9.147425,12.383621,-10.753038,6.5527606,63.836852566888574,-1.5743585,7.6885557,-0.14834416,14.468168,-29.187767,61.89945,21.321045,8.357161,9.434583,-5.9140105,-15.589025,36.87949,62.65345,-6.9954395,3.3820848,-5.302172
228.0,0.0,0.0,78.1528091430664,0.0,0.0,0.0,1.5167185,2.603943,-1.6905233,9.732557,-11.649945,-2.961529,0.6239143,-7.2306666,-9.147425,12.383621,-10.753038,6.5527606,63.63911249893777,-1.5743585,7.6885557,-0.14834416,14.468168,-29.187767,61.89945,21.321045,8.357161,9.434583,-5.9140105,-15.589025,36.87949,62.65345,-6.9954395,3.3820848,-5.302172
229.0,0.0,0.0,78.1528091430664,0.0,0.0,0.0,1.5167185,2.603943,-1.6905233,9.732557,-11.649945,-2.961529,0.6239143,-7.2306666,-9.147425,12.383621,-10.753038,6.5527606,63.362613768202074,-1.5743585,7.6885557,-0.14834416,14.468168,-29.187767,61.89945,21.321045,8.357161,9.434583,-5.9140105,-15.589025,36.87949,62.65345,-6.9954395,3.3820848,-5.302172
230.0,0.0,0.0,78.1528091430664,0.0,0.0,0.0,1.5167185,2.603943,-1.6905233,9.732557,-11.649945,-2.961529,0.6239143,-7.2306666,-9.147425,12.383621,-10.753038,6.5527606,63.007693245793526,-1.5743585,7.6885557,-0.14834416,14.468168,-29.187767,61.89945,21.321045,8.357161,9.434583,-5.9140105,-15.589025,36.87949,62.65345,-6.9954395,3.3820848,-5.302172
231.0,0.0,0.0,78.1528091430664,0.0,0.0,0.0,1.5167185,2.603943,-1.6905233,9.732557,-11.649945,-2.961529,0.6239143,-7.2306666,-9.147425,12.383621,-10.753038,6.5527606,62.574783347697355,-1.5743585,7.6885557,-0.14834416,14.468168,-29.187767,61.89945,21.321045,8.357161,9.434583,-5.9140105,-15.589025,36.87949,62.65345,-6.9954395,3.3820848,-5.302172
232.0,0.0,0.0,78.1528091430664,0.0,0.0,0.0,1.5167185,2.603943,-1.6905233,9.732557,-11.649945,-2.961529,0.6239143,-7.2306666,-9.147425,12.383621,-10.753038,6.5527606,62.06441150793977,-1.5743585,7.6885557,-0.14834416,14.468168,-29.187767,61.89945,21.321045,8.357161,9.434583,-5.9140105,-15.589025,36.87949,62.65345,-6.9954395,3.3820848,-5.302172
233.0,0.0,0.0,78.1528091430664,0.0,0.0,0.0,1.5167185,2.603943,-1.6905233,9.732557,-11.649945,-2.961529,0.6239143,-7.2306666,-9.147425,12.383621,-10.753038,6.5527606,61.47719953599072,-1.5743585,7.6885557,-0.14834416,14.468168,-29.187767,61.89945,21.321045,8.357161,9.434583,-5.9140105,-15.589025,36.87949,62.65345,-6.9954395,3.3820848,-5.302172
234.0,0.0,0.0,78.1528091430664,0.0,0.0,0.0,1.5167185,2.603943,-1.6905233,9.732557,-11.649945,-2.961529,0.6239143,-7.2306666,-9.147425,12.383621,-10.753038,6.5527606,60.81386285918499,-1.5743585,7.6885557,-0.14834416,14.468168,-29.187767,61.89945,21.321045,8.357161,9.434583,-5.9140105,-15.589025,36.87949,62.65345,-6.9954395,3.3820848,-5.302172
235.0,0.0,0.0,78.1528091430664,0.0,0.0,0.0,1.5167185,2.603943,-1.6905233,9.732557,-11.649945,-2.961529,0.6239143,-7.2306666,-9.147425,12.383621,-10.753038,6.5527606,60.07520965108406,-1.5743585,7.6885557,-0.14834416,14.468168,-29.187767,61.89945,21.321045,8.357161,9.434583,-5.9140105,-15.589025,36.87949,62.65345,-6.9954395,3.3820848,-5.302172
236.0,0.0,0.0,78.1528091430664,0.0,0.0,0.0,1.5167185,2.603943,-1.6905233,9.732557,-11.649945,-2.961529,0.6239143,-7.2306666,-9.147425,12.383621,-10.753038,6.5527606,59.26213984684121,-1.5743585,7.6885557,-0.14834416,14.468168,-29.187767,61.89945,21.321045,8.357161,9.434583,-5.9140105,-15.589025,36.87949,62.65345,-6.9954395,3.3820848,-5.302172
237.0,0.0,0.0,78.1528091430664,0.0,0.0,0.0,1.5167185,2.603943,-1.6905233,9.732557,-11.649945,-2.961529,0.6239143,-7.2306666,-9.147425,12.383621,-10.753038,6.5527606,58.37564404676905,-1.5743585,7.6885557,-0.14834416,14.468168,-29.187767,61.89945,21.321045,8.357161,9.434583,-5.9140105,-15.589025,36.87949,62.65345,-6.9954395,3.3820848,-5.302172
238.0,0.0,0.0,78.1528091430664,0.0,0.0,0.0,1.5167185,2.603943,-1.6905233,9.732557,-11.649945,-2.961529,0.6239143,-7.2306666,-9.147425,12.383621,-10.753038,6.5527606,57.416802309445856,-1.5743585,7.6885557,-0.14834416,14.468168,-29.187767,61.89945,21.321045,8.357161,9.434583,-5.9140105,-15.589025,36.87949,62.65345,-6.9954395,3.3820848,-5.302172
239.0,0.0,0.0,78.1528091430664,0.0,0.0,0.0,1.5167185,2.603943,-1.6905233,9.732557,-11.649945,-2.961529,0.6239143,-7.2306666,-9.147425,12.383621,-10.753038,6.5527606,56.38678283583027,-1.5743585,7.6885557,-0.14834416,14.468168,-29.187767,61.89945,21.321045,8.357161,9.434583,-5.9140105,-15.589025,36.87949,62.65345,-6.9954395,3.3820848,-5.302172
240.0,0.0,0.0,78.1528091430664,0.0,0.0,0.0,1.5167185,2.603943,-1.6905233,9.732557,-11.649945,-2.961529,0.6239143,-7.2306666,-9.147425,12.383621,-10.753038,6.5527606,55.28684054598855,-1.5743585,7.6885557,-0.14834416,14.468168,-29.187767,61.89945,21.321045,8.357161,9.434583,-5.9140105,-15.589025,36.87949,62.65345,-6.9954395,3.3820848,-5.302172
241.0,0.0,0.0,78.1528091430664,0.0,0.0,0.0,1.5167185,2.603943,-1.6905233,9.732557,-11.649945,-2.961529,0.6239143,-7.2306666,-9.147425,12.383621,-10.753038,6.5527606,54.11831555016773,-1.5743585,7.6885557,-0.14834416,14.468168,-29.187767,61.89945,21.321045,8.357161,9.434583,-5.9140105,-15.589025,36.87949,62.65345,-6.9954395,3.3820848,-5.302172
242.0,0.0,0.0,78.1528091430664,0.0,0.0,0.0,1.5167185,2.603943,-1.6905233,9.732557,-11.649945,-2.961529,0.6239143,-7.2306666,-9.147425,12.383621,-10.753038,6.5527606,52.88263151607771,-1.5743585,7.6885557,-0.14834416,14.468168,-29.187767,61.89945,21.321045,8.357161,9.434583,-5.9140105,-15.589025,36.87949,62.65345,-6.9954395,3.3820848,-5.302172
243.0,0.0,0.0,78.1528091430664,0.0,0.0,0.0,1.5167185,2.603943,-1.6905233,9.732557,-11.649945,-2.961529,0.6239143,-7.2306666,-9.147425,12.383621,-10.753038,6.5527606,51.581293934371594,-1.5743585,7.6885557,-0.14834416,14.468168,-29.187767,61.89945,21.321045,8.357161,9.434583,-5.9140105,-15.589025,36.87949,62.65345,-6.9954395,3.3820848,-5.302172
244.0,0.0,0.0,78.1528091430664,0.0,0.0,0.0,1.5167185,2.603943,-1.6905233,9.732557,-11.649945,-2.961529,0.6239143,-7.2306666,-9.147425,12.383621,-10.753038,6.5527606,50.21588828443695,-1.5743585,7.6885557,-0.14834416,14.468168,-29.187767,61.89945,21.321045,8.357161,9.434583,-5.9140105,-15.589025,36.87949,62.65345,-6.9954395,3.3820848,-5.302172
245.0,0.0,0.0,78.1528091430664,0.0,0.0,0.0,1.5167185,2.603943,-1.6905233,9.732557,-11.649945,-2.961529,0.6239143,-7.2306666,-9.147425,12.383621,-10.753038,6.5527606,48.78807810273354,-1.5743585,7.6885557,-0.14834416,14.468168,-29.187767,61.89945,21.321045,8.357161,9.434583,-5.9140105,-15.589025,36.87949,62.65345,-6.9954395,3.3820848,-5.302172
246.0,0.0,0.0,78.1528091430664,0.0,0.0,0.0,1.5167185,2.603943,-1.6905233,9.732557,-11.649945,-2.961529,0.6239143,-7.2306666,-9.147425,12.383621,-10.753038,6.5527606,47.29960295603062,-1.5743585,7.6885557,-0.14834416,14.468168,-29.187767,61.89945,21.321045,8.357161,9.434583,-5.9140105,-15.589025,36.87949,62.65345,-6.9954395,3.3820848,-5.302172
247.0,0.0,0.0,78.1528091430664,0.0,0.0,0.0,1.5167185,2.603943,-1.6905233,9.732557,-11.649945,-2.961529,0.6239143,-7.2306666,-9.147425,12.383621,-10.753038,6.5527606,45.75227632201233,-1.5743585,7.6885557,-0.14834416,14.468168,-29.187767,61.89945,21.321045,8.357161,9.434583,-5.9140105,-15.589025,36.87949,62.65345,-6.9954395,3.3820848,-5.302172
248.0,0.0,0.0,78.1528091430664,0.0,0.0,0.0,1.5167185,2.603943,-1.6905233,9.732557,-11.649945,-2.961529,0.6239143,-7.2306666,-9.147425,12.383621,-10.753038,6.5527606,44.14798337983485,-1.5743585,7.6885557,-0.14834416,14.468168,-29.187767,61.89945,21.321045,8.357161,9.434583,-5.9140105,-15.589025,36.87949,62.65345,-6.9954395,3.3820848,-5.302172
249.0,0.0,0.0,78.1528091430664,0.0,0.0,0.0,1.5167185,2.603943,-1.6905233,9.732557,-11.649945,-2.961529,0.6239143,-7.2306666,-9.147425,12.383621,-10.753038,6.5527606,42.488678713325825,-1.5743585,7.6885557,-0.14834416,14.468168,-29.187767,61.89945,21.321045,8.357161,9.434583,-5.9140105,-15.589025,36.87949,62.65345,-6.9954395,3.3820848,-5.302172
250.0,0.0,0.0,78.1528091430664,0.0,0.0,0.0,1.5167185,2.603943,-1.6905233,9.732557,-11.649945,-2.961529,0.6239143,-7.2306666,-9.147425,12.383621,-10.753038,6.5527606,40.776383929625126,-1.5743585,7.6885557,-0.14834416,14.468168,-29.187767,61.89945,21.321045,8.357161,9.434583,-5.9140105,-15.589025,36.87949,62.65345,-6.9954395,3.3820848,-5.302172
251.0,0.0,0.0,78.1528091430664,0.0,0.0,0.0,1.5167185,2.603943,-1.6905233,9.732557,-11.649945,-2.961529,0.6239143,-7.2306666,-9.147425,12.383621,-10.753038,6.5527606,39.01318519616779,-1.5743585,7.6885557,-0.14834416,14.468168,-29.187767,61.89945,21.321045,8.357161,9.434583,-5.9140105,-15.589025,36.87949,62.65345,-6.9954395,3.3820848,-5.302172
252.0,0.0,0.0,78.1528091430664,0.0,0.0,0.0,1.5167185,2.603943,-1.6905233,9.732557,-11.649945,-2.961529,0.6239143,-7.2306666,-9.147425,12.383621,-10.753038,6.5527606,37.20123069901077,-1.5743585,7.6885557,-0.14834416,14.468168,-29.187767,61.89945,21.321045,8.357161,9.434583,-5.9140105,-15.589025,36.87949,62.65345,-6.9954395,3.3820848,-5.302172
253.0,0.0,0.0,78.1528091430664,0.0,0.0,0.0,1.5167185,2.603943,-1.6905233,9.732557,-11.649945,-2.961529,0.6239143,-7.2306666,-9.147425,12.383621,-10.753038,6.5527606,35.34272802559858,-1.5743585,7.6885557,-0.14834416,14.468168,-29.187767,61.89945,21.321045,8.357161,9.434583,-5.9140105,-15.589025,36.87949,62.65345,-6.9954395,3.3820848,-5.302172
254.0,0.0,0.0,78.1528091430664,0.0,0.0,0.0,1.5167185,2.603943,-1.6905233,9.732557,-11.649945,-2.961529,0.6239143,-7.2306666,-9.147425,12.383621,-10.753038,6.5527606,33.43994147515829,-1.5743585,7.6885557,-0.14834416,14.468168,-29.187767,61.89945,21.321045,8.357161,9.434583,-5.9140105,-15.589025,36.87949,62.65345,-6.9954395,3.3820848,-5.302172
255.0,0.0,0.0,78.1528091430664,0.0,0.0,0.0,1.5167185,2.603943,-1.6905233,9.732557,-11.649945,-2.961529,0.6239143,-7.2306666,-9.147425,12.383621,-10.753038,6.5527606,31.495189299999986,-1.5743585,7.6885557,-0.14834416,14.468168,-29.187767,61.89945,21.321045,8.357161,9.434583,-5.9140105,-15.589025,36.87949,62.65345,-6.9954395,3.3820848,-5.302172
256.0,0.0,0.0,78.1528091430664,0.0,0.0,0.0,1.5167185,2.603943,-1.6905233,9.732557,-11.649945,-2.961529,0.6239143,-7.2306666,-9.147425,12.383621,-10.753038,6.5527606,29.51084088108291,-1.5743585,7.6885557,-0.14834416,14.468168,-29.187767,61.89945,21.321045,8.357161,9.434583,-5.9140105,-15.589025,36.87949,62.65345,-6.9954395,3.3820848,-5.302172
257.0,0.0,0.0,78.1528091430664,0.0,0.0,0.0,1.5167185,2.603943,-1.6905233,9.732557,-11.649945,-2.961529,0.6239143,-7.2306666,-9.147425,12.383621,-10.753038,6.5527606,27.489313841290063,-1.5743585,7.6885557,-0.14834416,14.468168,-29.187767,61.89945,21.321045,8.357161,9.434583,-5.9140105,-15.589025,36.87949,62.65345,-6.9954395,3.3820848,-5.302172
258.0,0.0,0.0,78.1528091430664,0.0,0.0,0.0,1.5167185,2.603943,-1.6905233,9.732557,-11.649945,-2.961529,0.6239143,-7.2306666,-9.147425,12.383621,-10.753038,6.5527606,25.43307109992707,-1.5743585,7.6885557,-0.14834416,14.468168,-29.187767,61.89945,21.321045,8.357161,9.434583,-5.9140105,-15.589025,36.87949,62.65345,-6.9954395,3.3820848,-5.302172
259.0,0.0,0.0,78.1528091430664,0.0,0.0,0.0,1.5167185,2.603943,-1.6905233,9.732557,-11.649945,-2.961529,0.6239143,-7.2306666,-9.147425,12.383621,-10.753038,6.5527606,23.344617872034256,-1.5743585,7.6885557,-0.14834416,14.468168,-29.187767,61.89945,21.321045,8.357161,9.434583,-5.9140105,-15.589025,36.87949,62.65345,-6.9954395,3.3820848,-5.302172
260.0,0.0,0.0,78.1528091430664,0.0,0.0,0.0,1.5167185,2.603943,-1.6905233,9.732557,-11.649945,-2.961529,0.6239143,-7.2306666,-9.147425,12.383621,-10.753038,6.5527606,21.226498616168467,-1.5743585,7.6885557,-0.14834416,14.468168,-29.187767,61.89945,21.321045,8.357161,9.434583,-5.9140105,-15.589025,36.87949,62.65345,-6.9954395,3.3820848,-5.302172
261.0,0.0,0.0,78.1528091430664,0.0,0.0,0.0,1.5167185,2.603943,-1.6905233,9.732557,-11.649945,-2.961529,0.6239143,-7.2306666,-9.147425,12.383621,-10.753038,6.5527606,19.081293934371605,-1.5743585,7.6885557,-0.14834416,14.468168,-29.187767,61.89945,21.321045,8.357161,9.434583,-5.9140105,-15.589025,36.87949,62.65345,-6.9954395,3.3820848,-5.302172
262.0,0.0,0.0,78.1528091430664,0.0,0.0,0.0,1.5167185,2.603943,-1.6905233,9.732557,-11.649945,-2.961529,0.6239143,-7.2306666,-9.147425,12.383621,-10.753038,6.5527606,16.911617428104993,-1.5743585,7.6885557,-0.14834416,14.468168,-29.187767,61.89945,21.321045,8.357161,9.434583,-5.9140105,-15.589025,36.87949,62.65345,-6.9954395,3.3820848,-5.302172
263.0,0.0,0.0,78.1528091430664,0.0,0.0,0.0,1.5167185,2.603943,-1.6905233,9.732557,-11.649945,-2.961529,0.6239143,-7.2306666,-9.147425,12.383621,-10.753038,6.5527606,14.720112513978474,-1.5743585,7.6885557,-0.14834416,14.468168,-29.187767,61.89945,21.321045,8.357161,9.434583,-5.9140105,-15.589025,36.87949,62.65345,-6.9954395,3.3820848,-5.302172
264.0,0.0,0.0,78.1528091430664,0.0,0.0,0.0,1.5167185,2.603943,-1.6905233,9.732557,-11.649945,-2.961529,0.6239143,-7.2306666,-9.147425,12.383621,-10.753038,6.5527606,12.509449203154455,-1.5743585,7.6885557,-0.14834416,14.468168,-29.187767,61.89945,21.321045,8.357161,9.434583,-5.9140105,-15.589025,36.87949,62.65345,-6.9954395,3.3820848,-5.302172
265.0,0.0,0.0,78.1528091430664,0.0,0.0,0.0,1.5167185,2.603943,-1.6905233,9.732557,-11.649945,-2.961529,0.6239143,-7.2306666,-9.147425,12.383621,-10.753038,6.5527606,10.282320848350482,-1.5743585,7.6885557,-0.14834416,14.468168,-29.187767,61.89945,21.321045,8.357161,9.434583,-5.9140105,-15.589025,36.87949,62.65345,-6.9954395,3.3820848,-5.302172
266.0,0.0,0.0,78.1528091430664,0.0,0.0,0.0,1.5167185,2.603943,-1.6905233,9.732557,-11.649945,-2.961529,0.6239143,-7.2306666,-9.147425,12.383621,-10.753038,6.5527606,8.04144086240429,-1.5743585,7.6885557,-0.14834416,14.468168,-29.187767,61.89945,21.321045,8.357161,9.434583,-5.9140105,-15.589025,36.87949,62.65345,-6.9954395,3.3820848,-5.302172
267.0,0.0,0.0,78.1528091430664,0.0,0.0,0.0,1.5167185,2.603943,-1.6905233,9.732557,-11.649945,-2.961529,0.6239143,-7.2306666,-9.147425,12.383621,-10.753038,6.5527606,5.789539412397422,-1.5743585,7.6885557,-0.14834416,14.468168,-29.187767,61.89945,21.321045,8.357161,9.434583,-5.9140105,-15.589025,36.87949,62.65345,-6.9954395,3.3820848,-5.302172
268.0,0.0,0.0,78.1528091430664,0.0,0.0,0.0,1.5167185,2.603943,-1.6905233,9.732557,-11.649945,-2.961529,0.6239143,-7.2306666,-9.147425,12.383621,-10.753038,6.5527606,3.5293600933681164,-1.5743585,7.6885557,-0.14834416,14.468168,-29.187767,61.89945,21.321045,8.357161,9.434583,-5.9140105,-15.589025,36.87949,62.65345,-6.9954395,3.3820848,-5.302172
269.0,0.0,0.0,78.1528091430664,0.0,0.0,0.0,1.5167185,2.603943,-1.6905233,9.732557,-11.649945,-2.961529,0.6239143,-7.2306666,-9.147425,12.383621,-10.753038,6.5527606,1.2636565856625614,-1.5743585,7.6885557,-0.14834416,14.468168,-29.187767,61.89945,21.321045,8.357161,9.434583,-5.9140105,-15.589025,36.87949,62.65345,-6.9954395,3.3820848,-5.302172
270.0,0.0,0.0,78.1528091430664,0.0,0.0,0.0,1.5167185,2.603943,-1.6905233,9.732557,-11.649945,-2.961529,0.6239143,-7.2306666,-9.147425,12.383621,-10.753038,6.5527606,-1.004810699999976,-1.5743585,7.6885557,-0.14834416,14.468168,-29.187767,61.89945,21.321045,8.357161,9.434583,-5.9140105,-15.589025,36.87949,62.65345,-6.9954395,3.3820848,-5.302172
271.0,0.0,0.0,78.1528091430664,0.0,0.0,0.0,1.5167185,2.603943,-1.6905233,9.732557,-11.649945,-2.961529,0.6239143,-7.2306666,-9.147425,12.383621,-10.753038,6.5527606,-3.2732779856625136,-1.5743585,7.6885557,-0.14834416,14.468168,-29.187767,61.89945,21.321045,8.357161,9.434583,-5.9140105,-15.589025,36.87949,62.65345,-6.9954395,3.3820848,-5.302172
272.0,0.0,0.0,78.1528091430664,0.0,0.0,0.0,1.5167185,2.603943,-1.6905233,9.732557,-11.649945,-2.961529,0.6239143,-7.2306666,-9.147425,12.383621,-10.753038,6.5527606,-5.53898149336807,-1.5743585,7.6885557,-0.14834416,14.468168,-29.187767,61.89945,21.321045,8.357161,9.434583,-5.9140105,-15.589025,36.87949,62.65345,-6.9954395,3.3820848,-5.302172
273.0,0.0,0.0,78.1528091430664,0.0,0.0,0.0,1.5167185,2.603943,-1.6905233,9.732557,-11.649945,-2.961529,0.6239143,-7.2306666,-9.147425,12.383621,-10.753038,6.5527606,-7.799160812397376,-1.5743585,7.6885557,-0.14834416,14.468168,-29.187767,61.89945,21.321045,8.357161,9.434583,-5.9140105,-15.589025,36.87949,62.65345,-6.9954395,3.3820848,-5.302172
274.0,0.0,0.0,78.1528091430664,0.0,0.0,0.0,1.5167185,2.603943,-1.6905233,9.732557,-11.649945,-2.961529,0.6239143,-7.2306666,-9.147425,12.383621,-10.753038,6.5527606,-10.051062262404242,-1.5743585,7.6885557,-0.14834416,14.468168,-29.187767,61.89945,21.321045,8.357161,9.434583,-5.9140105,-15.589025,36.87949,62.65345,-6.9954395,3.3820848,-5.302172
275.0,0.0,0.0,78.1528091430664,0.0,0.0,0.0,1.5167185,2.603943,-1.6905233,9.732557,-11.649945,-2.961529,0.6239143,-7.2306666,-9.147425,12.383621,-10.753038,6.5527606,-12.291942248350436,-1.5743585,7.6885557,-0.14834416,14.468168,-29.187767,61.89945,21.321045,8.357161,9.434583,-5.9140105,-15.589025,36.87949,62.65345,-6.9954395,3.3820848,-5.302172
276.0,0.0,0.0,78.1528091430664,0.0,0.0,0.0,1.5167185,2.603943,-1.6905233,9.732557,-11.649945,-2.961529,0.6239143,-7.2306666,-9.147425,12.383621,-10.753038,6.5527606,-14.519070603154407,-1.5743585,7.6885557,-0.14834416,14.468168,-29.187767,61.89945,21.321045,8.357161,9.434583,-5.9140105,-15.589025,36.87949,62.65345,-6.9954395,3.3820848,-5.302172
277.0,0.0,0.0,78.1528091430664,0.0,0.0,0.0,1.5167185,2.603943,-1.6905233,9.732557,-11.649945,-2.961529,0.6239143,-7.2306666,-9.147425,12.383621,-10.753038,6.5527606,-16.72973391397843,-1.5743585,7.6885557,-0.14834416,14.468168,-29.187767,61.89945,21.321045,8.357161,9.434583,-5.9140105,-15.589025,36.87949,62.65345,-6.9954395,3.3820848,-5.302172
278.0,0.0,0.0,78.1528091430664,0.0,0.0,0.0,1.5167185,2.603943,-1.6905233,9.732557,-11.649945,-2.961529,0.6239143,-7.2306666,-9.147425,12.383621,-10.753038,6.5527606,-18.92123882810495,-1.5743585,7.6885557,-0.14834416,14.468168,-29.187767,61.89945,21.321045,8.357161,9.434583,-5.9140105,-15.589025,36.87949,62.65345,-6.9954395,3.3820848,-5.302172
279.0,0.0,0.0,78.1528091430664,0.0,0.0,0.0,1.5167185,2.603943,-1.6905233,9.732557,-11.649945,-2.961529,0.6239143,-7.2306666,-9.147425,12.383621,-10.753038,6.5527606,-21.09091533437156,-1.5743585,7.6885557,-0.14834416,14.468168,-29.187767,61.89945,21.321045,8.357161,9.434583,-5.9140105,-15.589025,36.87949,62.65345,-6.9954395,3.3820848,-5.302172
280.0,0.0,0.0,78.1528091430664,0.0,0.0,0.0,1.5167185,2.603943,-1.6905233,9.732557,-11.649945,-2.961529,0.6239143,-7.2306666,-9.147425,12.383621,-10.753038,6.5527606,-23.23612001616842,-1.5743585,7.6885557,-0.14834416,14.468168,-29.187767,61.89945,21.321045,8.357161,9.434583,-5.9140105,-15.589025,36.87949,62.65345,-6.9954395,3.3820848,-5.302172
281.0,0.0,0.0,78.1528091430664,0.0,0.0,0.0,1.5167185,2.603943,-1.6905233,9.732557,-11.649945,-2.961529,0.6239143,-7.2306666,-9.147425,12.383621,-10.753038,6.5527606,-25.354239272034214,-1.5743585,7.6885557,-0.14834416,14.468168,-29.187767,61.89945,21.321045,8.357161,9.434583,-5.9140105,-15.589025,36.87949,62.65345,-6.9954395,3.3820848,-5.302172
282.0,0.0,0.0,78.1528091430664,0.0,0.0,0.0,1.5167185,2.603943,-1.6905233,9.732557,-11.649945,-2.961529,0.6239143,-7.2306666,-9.147425,12.383621,-10.753038,6.5527606,-27.442692499927023,-1.5743585,7.6885557,-0.14834416,14.468168,-29.187767,61.89945,21.321045,8.357161,9.434583,-5.9140105,-15.589025,36.87949,62.65345,-6.9954395,3.3820848,-5.302172
283.0,0.0,0.0,78.1528091430664,0.0,0.0,0.0,1.5167185,2.603943,-1.6905233,9.732557,-11.649945,-2.961529,0.6239143,-7.2306666,-9.147425,12.383621,-10.753038,6.5527606,-29.49893524129002,-1.5743585,7.6885557,-0.14834416,14.468168,-29.187767,61.89945,21.321045,8.357161,9.434583,-5.9140105,-15.589025,36.87949,62.65345,-6.9954395,3.3820848,-5.302172
284.0,0.0,0.0,78.1528091430664,0.0,0.0,0.0,1.5167185,2.603943,-1.6905233,9.732557,-11.649945,-2.961529,0.6239143,-7.2306666,-9.147425,12.383621,-10.753038,6.5527606,-31.520462281082867,-1.5743585,7.6885557,-0.14834416,14.468168,-29.187767,61.89945,21.321045,8.357161,9.434583,-5.9140105,-15.589025,36.87949,62.65345,-6.9954395,3.3820848,-5.302172
285.0,0.0,0.0,78.1528091430664,0.0,0.0,0.0,1.5167185,2.603943,-1.6905233,9.732557,-11.649945,-2.961529,0.6239143,-7.2306666,-9.147425,12.383621,-10.753038,6.5527606,-33.50481069999994,-1.5743585,7.6885557,-0.14834416,14.468168,-29.187767,61.89945,21.321045,8.357161,9.434583,-5.9140105,-15.589025,36.87949,62.65345,-6.9954395,3.3820848,-5.302172
286.0,0.0,0.0,78.1528091430664,0.0,0.0,0.0,1.5167185,2.603943,-1.6905233,9.732557,-11.649945,-2.961529,0.6239143,-7.2306666,-9.147425,12.383621,-10.753038,6.5527606,-35.44956287515824,-1.5743585,7.6885557,-0.14834416,14.468168,-29.187767,61.89945,21.321045,8.357161,9.434583,-5.9140105,-15.589025,36.87949,62.65345,-6.9954395,3.3820848,-5.302172
287.0,0.0,0.0,78.1528091430664,0.0,0.0,0.0,1.5167185,2.603943,-1.6905233,9.732557,-11.649945,-2.961529,0.6239143,-7.2306666,-9.147425,12.383621,-10.753038,6.5527606,-37.35234942559854,-1.5743585,7.6885557,-0.14834416,14.468168,-29.187767,61.89945,21.321045,8.357161,9.434583,-5.9140105,-15.589025,36.87949,62.65345,-6.9954395,3.3820848,-5.302172
288.0,0.0,0.0,78.1528091430664,0.0,0.0,0.0,1.5167185,2.603943,-1.6905233,9.732557,-11.649945,-2.961529,0.6239143,-7.2306666,-9.147425,12.383621,-10.753038,6.5527606,-39.21085209901073,-1.5743585,7.6885557,-0.14834416,14.468168,-29.187767,61.89945,21.321045,8.357161,9.434583,-5.9140105,-15.589025,36.87949,62.65345,-6.9954395,3.3820848,-5.302172
289.0,0.0,0.0,78.1528091430664,0.0,0.0,0.0,1.5167185,2.603943,-1.6905233,9.732557,-11.649945,-2.961529,0.6239143,-7.2306666,-9.147425,12.383621,-10.753038,6.5527606,-41.02280659616775,-1.5743585,7.6885557,-0.14834416,14.468168,-29.187767,61.89945,21.321045,8.357161,9.434583,-5.9140105,-15.589025,36.87949,62.65345,-6.9954395,3.3820848,-5.302172
290.0,0.0,0.0,78.1528091430664,0.0,0.0,0.0,1.5167185,2.603943,-1.6905233,9.732557,-11.649945,-2.961529,0.6239143,-7.2306666,-9.147425,12.383621,-10.753038,6.5527606,-42.78600532962509,-1.5743585,7.6885557,-0.14834416,14.468168,-29.187767,61.89945,21.321045,8.357161,9.434583,-5.9140105,-15.589025,36.87949,62.65345,-6.9954395,3.3820848,-5.302172
291.0,0.0,0.0,78.1528091430664,0.0,0.0,0.0,1.5167185,2.603943,-1.6905233,9.732557,-11.649945,-2.961529,0.6239143,-7.2306666,-9.147425,12.383621,-10.753038,6.5527606,-44.49830011332579,-1.5743585,7.6885557,-0.14834416,14.468168,-29.187767,61.89945,21.321045,8.357161,9.434583,-5.9140105,-15.589025,36.87949,62.65345,-6.9954395,3.3820848,-5.302172
292.0,0.0,0.0,78.1528091430664,0.0,0.0,0.0,1.5167185,2.603943,-1.6905233,9.732557,-11.649945,-2.961529,0.6239143,-7.2306666,-9.147425,12.383621,-10.753038,6.5527606,-46.15760477983481,-1.5743585,7.6885557,-0.14834416,14.468168,-29.187767,61.89945,21.321045,8.357161,9.434583,-5.9140105,-15.589025,36.87949,62.65345,-6.9954395,3.3820848,-5.302172
293.0,0.0,0.0,78.1528091430664,0.0,0.0,0.0,1.5167185,2.603943,-1.6905233,9.732557,-11.649945,-2.961529,0.6239143,-7.2306666,-9.147425,12.383621,-10.753038,6.5527606,-47.7618977220123,-1.5743585,7.6885557,-0.14834416,14.468168,-29.187767,61.89945,21.321045,8.357161,9.434583,-5.9140105,-15.589025,36.87949,62.65345,-6.9954395,3.3820848,-5.302172
294.0,0.0,0.0,78.1528091430664,0.0,0.0,0.0,1.5167185,2.603943,-1.6905233,9.732557,-11.649945,-2.961529,0.6239143,-7.2306666,-9.147425,12.383621,-10.753038,6.5527606,-49.30922435603058,-1.5743585,7.6885557,-0.14834416,14.468168,-29.187767,61.89945,21.321045,8.357161,9.434583,-5.9140105,-15.589025,36.87949,62.65345,-6.9954395,3.3820848,-5.302172
295.0,0.0,0.0,78.1528091430664,0.0,0.0,0.0,1.5167185,2.603943,-1.6905233,9.732557,-11.649945,-2.961529,0.6239143,-7.2306666,-9.147425,12.383621,-10.753038,6.5527606,-50.797699502733515,-1.5743585,7.6885557,-0.14834416,14.468168,-29.187767,61.89945,21.321045,8.357161,9.434583,-5.9140105,-15.589025,36.87949,62.65345,-6.9954395,3.3820848,-5.302172
296.0,0.0,0.0,78.1528091430664,0.0,0.0,0.0,1.5167185,2.603943,-1.6905233,9.732557,-11.649945,-2.961529,0.6239143,-7.2306666,-9.147425,12.383621,-10.753038,6.5527606,-52.22550968443693,-1.5743585,7.6885557,-0.14834416,14.468168,-29.187767,61.89945,21.321045,8.357161,9.434583,-5.9140105,-15.589025,36.87949,62.65345,-6.9954395,3.3820848,-5.302172
297.0,0.0,0.0,78.1528091430664,0.0,0.0,0.0,1.5167185,2.603943,-1.6905233,9.732557,-11.649945,-2.961529,0.6239143,-7.2306666,-9.147425,12.383621,-10.753038,6.5527606,-53.59091533437157,-1.5743585,7.6885557,-0.14834416,14.468168,-29.187767,61.89945,21.321045,8.357161,9.434583,-5.9140105,-15.589025,36.87949,62.65345,-6.9954395,3.3820848,-5.302172
298.0,0.0,0.0,78.1528091430664,0.0,0.0,0.0,1.5167185,2.603943,-1.6905233,9.732557,-11.649945,-2.961529,0.6239143,-7.2306666,-9.147425,12.383621,-10.753038,6.5527606,-54.89225291607769,-1.5743585,7.6885557,-0.14834416,14.468168,-29.187767,61.89945,21.321045,8.357161,9.434583,-5.9140105,-15.589025,36.87949,62.65345,-6.9954395,3.3820848,-5.302172
299.0,0.0,0.0,78.1528091430664,0.0,0.0,0.0,1.5167185,2.603943,-1.6905233,9.732557,-11.649945,-2.961529,0.6239143,-7.2306666,-9.147425,12.383621,-10.753038,6.5527606,-56.12793695016771,-1.5743585,7.6885557,-0.14834416,14.468168,-29.187767,61.89945,21.321045,8.357161,9.434583,-5.9140105,-15.589025,36.87949,62.65345,-6.9954395,3.3820848,-5.302172
300.0,0.0,0.0,78.1528091430664,0.0,0.0,0.0,1.5167185,2.603943,-1.6905233,9.732557,-11.649945,-2.961529,0.6239143,-7.2306666,-9.147425,12.383621,-10.753038,6.5527606,-57.29646194598852,-1.5743585,7.6885557,-0.14834416,14.468168,-29.187767,61.89945,21.321045,8.357161,9.434583,-5.9140105,-15.589025,36.87949,62.65345,-6.9954395,3.3820848,-5.302172
301.0,0.0,0.0,78.1528091430664,0.0,0.0,0.0,1.5167185,2.603943,-1.6905233,9.732557,-11.649945,-2.961529,0.6239143,-7.2306666,-9.147425,12.383621,-10.753038,6.5527606,-58.396404235830246,-1.5743585,7.6885557,-0.14834416,14.468168,-29.187767,61.89945,21.321045,8.357161,9.434583,-5.9140105,-15.589025,36.87949,62.65345,-6.9954395,3.3820848,-5.302172
302.0,0.0,0.0,78.1528091430664,0.0,0.0,0.0,1.5167185,2.603943,-1.6905233,9.732557,-11.649945,-2.961529,0.6239143,-7.2306666,-9.147425,12.383621,-10.753038,6.5527606,-59.426423709445835,-1.5743585,7.6885557,-0.14834416,14.468168,-29.187767,61.89945,21.321045,8.357161,9.434583,-5.9140105,-15.589025,36.87949,62.65345,-6.9954395,3.3820848,-5.302172
303.0,0.0,0.0,78.1528091430664,0.0,0.0,0.0,1.5167185,2.603943,-1.6905233,9.732557,-11.649945,-2.961529,0.6239143,-7.2306666,-9.147425,12.383621,-10.753038,6.5527606,-60.38526544676903,-1.5743585,7.6885557,-0.14834416,14.468168,-29.187767,61.89945,21.321045,8.357161,9.434583,-5.9140105,-15.589025,36.87949,62.65345,-6.9954395,3.3820848,-5.302172
304.0,0.0,0.0,78.1528091430664,0.0,0.0,0.0,1.5167185,2.603943,-1.6905233,9.732557,-11.649945,-2.961529,0.6239143,-7.2306666,-9.147425,12.383621,-10.753038,6.5527606,-61.27176124684119,-1.5743585,7.6885557,-0.14834416,14.468168,-29.187767,61.89945,21.321045,8.357161,9.434583,-5.9140105,-15.589025,36.87949,62.65345,-6.9954395,3.3820848,-5.302172
305.0,0.0,0.0,78.1528091430664,0.0,0.0,0.0,1.5167185,2.603943,-1.6905233,9.732557,-11.649945,-2.961529,0.6239143,-7.2306666,-9.147425,12.383621,-10.753038,6.5527606,-62.084831051084045,-1.5743585,7.6885557,-0.14834416,14.468168,-29.187767,61.89945,21.321045,8.357161,9.434583,-5.9140105,-15.589025,36.87949,62.65345,-6.9954395,3.3820848,-5.302172
306.0,0.0,0.0,78.1528091430664,0.0,0.0,0.0,1.5167185,2.603943,-1.6905233,9.732557,-11.649945,-2.961529,0.6239143,-7.2306666,-9.147425,12.383621,-10.753038,6.5527606,-62.82348425918497,-1.5743585,7.6885557,-0.14834416,14.468168,-29.187767,61.89945,21.321045,8.357161,9.434583,-5.9140105,-15.589025,36.87949,62.65345,-6.9954395,3.3820848,-5.302172
307.0,0.0,0.0,78.1528091430664,0.0,0.0,0.0,1.5167185,2.603943,-1.6905233,9.732557,-11.649945,-2.961529,0.6239143,-7.2306666,-9.147425,12.383621,-10.753038,6.5527606,-63.486820935990714,-1.5743585,7.6885557,-0.14834416,14.468168,-29.187767,61.89945,21.321045,8.357161,9.434583,-5.9140105,-15.589025,36.87949,62.65345,-6.9954395,3.3820848,-5.302172
308.0,0.0,0.0,78.1528091430664,0.0,0.0,0.0,1.5167185,2.603943,-1.6905233,9.732557,-11.649945,-2.961529,0.6239143,-7.2306666,-9.147425,12.383621,-10.753038,6.5527606,-64.07403290793975,-1.5743585,7.6885557,-0.14834416,14.468168,-29.187767,61.89945,21.321045,8.357161,9.434583,-5.9140105,-15.589025,36.87949,62.65345,-6.9954395,3.3820848,-5.302172
309.0,0.0,0.0,78.1528091430664,0.0,0.0,0.0,1.5167185,2.603943,-1.6905233,9.732557,-11.649945,-2.961529,0.6239143,-7.2306666,-9.147425,12.383621,-10.753038,6.5527606,-64.58440474769735,-1.5743585,7.6885557,-0.14834416,14.468168,-29.187767,61.89945,21.321045,8.357161,9.434583,-5.9140105,-15.589025,36.87949,62.65345,-6.9954395,3.3820848,-5.302172
310.0,0.0,0.0,78.1528091430664,0.0,0.0,0.0,1.5167185,2.603943,-1.6905233,9.732557,-11.649945,-2.961529,0.6239143,-7.2306666,-9.147425,12.383621,-10.753038,6.5527606,-65.01731464579352,-1.5743585,7.6885557,-0.14834416,14.468168,-29.187767,61.89945,21.321045,8.357161,9.434583,-5.9140105,-15.589025,36.87949,62.65345,-6.9954395,3.3820848,-5.302172
311.0,0.0,0.0,78.1528091430664,0.0,0.0,0.0,1.5167185,2.603943,-1.6905233,9.732557,-11.649945,-2.961529,0.6239143,-7.2306666,-9.147425,12.383621,-10.753038,6.5527606,-65.37223516820205,-1.5743585,7.6885557,-0.14834416,14.468168,-29.187767,61.89945,21.321045,8.357161,9.434583,-5.9140105,-15.589025,36.87949,62.65345,-6.9954395,3.3820848,-5.302172
312.0,0.0,0.0,78.1528091430664,0.0,0.0,0.0,1.5167185,2.603943,-1.6905233,9.732557,-11.649945,-2.961529,0.6239143,-7.2306666,-9.147425,12.383621,-10.753038,6.5527606,-65.64873389893776,-1.5743585,7.6885557,-0.14834416,14.468168,-29.187767,61.89945,21.321045,8.357161,9.434583,-5.9140105,-15.589025,36.87949,62.65345,-6.9954395,3.3820848,-5.302172
313.0,0.0,0.0,78.1528091430664,0.0,0.0,0.0,1.5167185,2.603943,-1.6905233,9.732557,-11.649945,-2.961529,0.6239143,-7.2306666,-9.147425,12.383621,-10.753038,6.5527606,-65.84647396688857,-1.5743585,7.6885557,-0.14834416,14.468168,-29.187767,61.89945,21.321045,8.357161,9.434583,-5.9140105,-15.589025,36.87949,62.65345,-6.9954395,3.3820848,-5.302172
314.0,0.0,0.0,78.1528091430664,0.0,0.0,0.0,1.5167185,2.603943,-1.6905233,9.732557,-11.649945,-2.961529,0.6239143,-7.2306666,-9.147425,12.383621,-10.753038,6.5527606,-65.96521445624121,-1.5743585,7.6885557,-0.14834416,14.468168,-29.187767,61.89945,21.321045,8.357161,9.434583,-5.9140105,-15.589025,36.87949,62.65345,-6.9954395,3.3820848,-5.302172
315.0,0.0,0.0,78.1528091430664,0.0,0.0,0.0,1.5167185,2.603943,-1.6905233,9.732557,-11.649945,-2.961529,0.6239143,-7.2306666,-9.147425,12.383621,-10.753038,6.5527606,-66.0048107,-1.5743585,7.6885557,-0.14834416,14.468168,-29.187767,61.89945,21.321045,8.357161,9.434583,-5.9140105,-15.589025,36.87949,62.65345,-6.9954395,3.3820848,-5.302172
316.0,0.0,0.0,78.1528091430664,0.0,0.0,0.0,1.5167185,2.603943,-1.6905233,9.732557,-11.649945,-2.961529,0.6239143,-7.2306666,-9.147425,12.383621,-10.753038,6.5527606,-65.96521445624121,-1.5743585,7.6885557,-0.14834416,14.468168,-29.187767,61.89945,21.321045,8.357161,9.434583,-5.9140105,-15.589025,36.87949,62.65345,-6.9954395,3.3820848,-5.302172
317.0,0.0,0.0,78.1528091430664,0.0,0.0,0.0,1.5167185,2.603943,-1.6905233,9.732557,-11.649945,-2.961529,0.6239143,-7.2306666,-9.147425,12.383621,-10.753038,6.5527606,-65.84647396688857,-1.5743585,7.6885557,-0.14834416,14.468168,-29.187767,61.89945,21.321045,8.357161,9.434583,-5.9140105,-15.589025,36.87949,62.65345,-6.9954395,3.3820848,-5.302172
318.0,0.0,0.0,78.1528091430664,0.0,0.0,0.0,1.5167185,2.603943,-1.6905233,9.732557,-11.649945,-2.961529,0.6239143,-7.2306666,-9.147425,12.383621,-10.753038,6.5527606,-65.64873389893778,-1.5743585,7.6885557,-0.14834416,14.468168,-29.187767,61.89945,21.321045,8.357161,9.434583,-5.9140105,-15.589025,36.87949,62.65345,-6.9954395,3.3820848,-5.302172
319.0,0.0,0.0,78.1528091430664,0.0,0.0,0.0,1.5167185,2.603943,-1.6905233,9.732557,-11.649945,-2.961529,0.6239143,-7.2306666,-9.147425,12.383621,-10.753038,6.5527606,-65.37223516820207,-1.5743585,7.6885557,-0.14834416,14.468168,-29.187767,61.89945,21.321045,8.357161,9.434583,-5.9140105,-15.589025,36.87949,62.65345,-6.9954395,3.3820848,-5.302172
320.0,0.0,0.0,78.1528091430664,0.0,0.0,0.0,1.5167185,2.603943,-1.6905233,9.732557,-11.649945,-2.961529,0.6239143,-7.2306666,-9.147425,12.383621,-10.753038,6.5527606,-65.01731464579352,-1.5743585,7.6885557,-0.14834416,14.468168,-29.187767,61.89945,21.321045,8.357161,9.434583,-5.9140105,-15.589025,36.87949,62.65345,-6.9954395,3.3820848,-5.302172
321.0,0.0,0.0,78.1528091430664,0.0,0.0,0.0,1.5167185,2.603943,-1.6905233,9.732557,-11.649945,-2.961529,0.6239143,-7.2306666,-9.147425,12.383621,-10.753038,6.5527606,-64.58440474769735,-1.5743585,7.6885557,-0.14834416,14.468168,-29.187767,61.89945,21.321045,8.357161,9.434583,-5.9140105,-15.589025,36.87949,62.65345,-6.9954395,3.3820848,-5.302172
322.0,0.0,0.0,78.1528091430664,0.0,0.0,0.0,1.5167185,2.603943,-1.6905233,9.732557,-11.649945,-2.961529,0.6239143,-7.2306666,-9.147425,12.383621,-10.753038,6.5527606,-64.07403290793977,-1.5743585,7.6885557,-0.14834416,14.468168,-29.187767,61.89945,21.321045,8.357161,9.434583,-5.9140105,-15.589025,36.87949,62.65345,-6.9954395,3.3820848,-5.302172
323.0,0.0,0.0,78.1528091430664,0.0,0.0,0.0,1.5167185,2.603943,-1.6905233,9.732557,-11.649945,-2.961529,0.6239143,-7.2306666,-9.147425,12.383621,-10.753038,6.5527606,-63.48682093599073,-1.5743585,7.6885557,-0.14834416,14.468168,-29.187767,61.89945,21.321045,8.357161,9.434583,-5.9140105,-15.589025,36.87949,62.65345,-6.9954395,3.3820848,-5.302172
324.0,0.0,0.0,78.1528091430664,0.0,0.0,0.0,1.5167185,2.603943,-1.6905233,9.732557,-11.649945,-2.961529,0.6239143,-7.2306666,-9.147425,12.383621,-10.753038,6.5527606,-62.823484259184994,-1.5743585,7.6885557,-0.14834416,14.468168,-29.187767,61.89945,21.321045,8.357161,9.434583,-5.9140105,-15.589025,36.87949,62.65345,-6.9954395,3.3820848,-5.302172
325.0,0.0,0.0,78.1528091430664,0.0,0.0,0.0,1.5167185,2.603943,-1.6905233,9.732557,-11.649945,-2.961529,0.6239143,-7.2306666,-9.147425,12.383621,-10.753038,6.5527606,-62.08483105108406,-1.5743585,7.6885557,-0.14834416,14.468168,-29.187767,61.89945,21.321045,8.357161,9.434583,-5.9140105,-15.589025,36.87949,62.65345,-6.9954395,3.3820848,-5.302172
326.0,0.0,0.0,78.1528091430664,0.0,0.0,0.0,1.5167185,2.603943,-1.6905233,9.732557,-11.649945,-2.961529,0.6239143,-7.2306666,-9.147425,12.383621,-10.753038,6.5527606,-61.27176124684121,-1.5743585,7.6885557,-0.14834416,14.468168,-29.187767,61.89945,21.321045,8.357161,9.434583,-5.9140105,-15.589025,36.87949,62.65345,-6.9954395,3.3820848,-5.302172
327.0,0.0,0.0,78.1528091430664,0.0,0.0,0.0,1.5167185,2.603943,-1.6905233,9.732557,-11.649945,-2.961529,0.6239143,-7.2306666,-9.147425,12.383621,-10.753038,6.5527606,-60.385265446769054,-1.5743585,7.6885557,-0.14834416,14.468168,-29.187767,61.89945,21.321045,8.357161,9.434583,-5.9140105,-15.589025,36.87949,62.65345,-6.9954395,3.3820848,-5.302172
328.0,0.0,0.0,78.1528091430664,0.0,0.0,0.0,1.5167185,2.603943,-1.6905233,9.732557,-11.649945,-2.961529,0.6239143,-7.2306666,-9.147425,12.383621,-10.753038,6.5527606,-59.426423709445864,-1.5743585,7.6885557,-0.14834416,14.468168,-29.187767,61.89945,21.321045,8.357161,9.434583,-5.9140105,-15.589025,36.87949,62.65345,-6.9954395,3.3820848,-5.302172
329.0,0.0,0.0,78.1528091430664,0.0,0.0,0.0,1.5167185,2.603943,-1.6905233,9.732557,-11.649945,-2.961529,0.6239143,-7.2306666,-9.147425,12.383621,-10.753038,6.5527606,-58.39640423583027,-1.5743585,7.6885557,-0.14834416,14.468168,-29.187767,61.89945,21.321045,8.357161,9.434583,-5.9140105,-15.589025,36.87949,62.65345,-6.9954395,3.3820848,-5.302172
330.0,0.0,0.0,78.1528091430664,0.0,0.0,0.0,1.5167185,2.603943,-1.6905233,9.732557,-11.649945,-2.961529,0.6239143,-7.2306666,-9.147425,12.383621,-10.753038,6.5527606,-57.29646194598855,-1.5743585,7.6885557,-0.14834416,14.468168,-29.187767,61.89945,21.321045,8.357161,9.434583,-5.9140105,-15.589025,36.87949,62.65345,-6.9954395,3.3820848,-5.302172
331.0,0.0,0.0,78.1528091430664,0.0,0.0,0.0,1.5167185,2.603943,-1.6905233,9.732557,-11.649945,-2.961529,0.6239143,-7.2306666,-9.147425,12.383621,-10.753038,6.5527606,-56.12793695016774,-1.5743585,7.6885557,-0.14834416,14.468168,-29.187767,61.89945,21.321045,8.357161,9.434583,-5.9140105,-15.589025,36.87949,62.65345,-6.9954395,3.3820848,-5.302172
332.0,0.0,0.0,78.1528091430664,0.0,0.0,0.0,1.5167185,2.603943,-1.6905233,9.732557,-11.649945,-2.961529,0.6239143,-7.2306666,-9.147425,12.383621,-10.753038,6.5527606,-54.892252916077716,-1.5743585,7.6885557,-0.14834416,14.468168,-29.187767,61.89945,21.321045,8.357161,9.434583,-5.9140105,-15.589025,36.87949,62.65345,-6.9954395,3.3820848,-5.302172
333.0,0.0,0.0,78.1528091430664,0.0,0.0,0.0,1.5167185,2.603943,-1.6905233,9.732557,-11.649945,-2.961529,0.6239143,-7.2306666,-9.147425,12.383621,-10.753038,6.5527606,-53.5909153343716,-1.5743585,7.6885557,-0.14834416,14.468168,-29.187767,61.89945,21.321045,8.357161,9.434583,-5.9140105,-15.589025,36.87949,62.65345,-6.9954395,3.3820848,-5.302172
334.0,0.0,0.0,78.1528091430664,0.0,0.0,0.0,1.5167185,2.603943,-1.6905233,9.732557,-11.649945,-2.961529,0.6239143,-7.2306666,-9.147425,12.383621,-10.753038,6.5527606,-52.22550968443696,-1.5743585,7.6885557,-0.14834416,14.468168,-29.187767,61.89945,21.321045,8.357161,9.434583,-5.9140105,-15.589025,36.87949,62.65345,-6.9954395,3.3820848,-5.302172
335.0,0.0,0.0,78.1528091430664,0.0,0.0,0.0,1.5167185,2.603943,-1.6905233,9.732557,-11.649945,-2.961529,0.6239143,-7.2306666,-9.147425,12.383621,-10.753038,6.5527606,-50.79769950273355,-1.5743585,7.6885557,-0.14834416,14.468168,-29.187767,61.89945,21.321045,8.357161,9.434583,-5.9140105,-15.589025,36.87949,62.65345,-6.9954395,3.3820848,-5.302172
336.0,0.0,0.0,78.1528091430664,0.0,0.0,0.0,1.5167185,2.603943,-1.6905233,9.732557,-11.649945,-2.961529,0.6239143,-7.2306666,-9.147425,12.383621,-10.753038,6.5527606,-49.30922435603062,-1.5743585,7.6885557,-0.14834416,14.468168,-29.187767,61.89945,21.321045,8.357161,9.434583,-5.9140105,-15.589025,36.87949,62.65345,-6.9954395,3.3820848,-5.302172
337.0,0.0,0.0,78.1528091430664,0.0,0.0,0.0,1.5167185,2.603943,-1.6905233,9.732557,-11.649945,-2.961529,0.6239143,-7.2306666,-9.147425,12.383621,-10.753038,6.5527606,-47.761897722012336,-1.5743585,7.6885557,-0.14834416,14.468168,-29.187767,61.89945,21.321045,8.357161,9.434583,-5.9140105,-15.589025,36.87949,62.65345,-6.9954395,3.3820848,-5.302172
338.0,0.0,0.0,78.1528091430664,0.0,0.0,0.0,1.5167185,2.603943,-1.6905233,9.732557,-11.649945,-2.961529,0.6239143,-7.2306666,-9.147425,12.383621,-10.753038,6.5527606,-46.15760477983485,-1.5743585,7.6885557,-0.14834416,14.468168,-29.187767,61.89945,21.321045,8.357161,9.434583,-5.9140105,-15.589025,36.87949,62.65345,-6.9954395,3.3820848,-5.302172
339.0,0.0,0.0,78.1528091430664,0.0,0.0,0.0,1.5167185,2.603943,-1.6905233,9.732557,-11.649945,-2.961529,0.6239143,-7.2306666,-9.147425,12.383621,-10.753038,6.5527606,-44.49830011332583,-1.5743585,7.6885557,-0.14834416,14.468168,-29.187767,61.89945,21.321045,8.357161,9.434583,-5.9140105,-15.589025,36.87949,62.65345,-6.9954395,3.3820848,-5.302172
340.0,0.0,0.0,78.1528091430664,0.0,0.0,0.0,1.5167185,2.603943,-1.6905233,9.732557,-11.649945,-2.961529,0.6239143,-7.2306666,-9.147425,12.383621,-10.753038,6.5527606,-42.786005329625134,-1.5743585,7.6885557,-0.14834416,14.468168,-29.187767,61.89945,21.321045,8.357161,9.434583,-5.9140105,-15.589025,36.87949,62.65345,-6.9954395,3.3820848,-5.302172
341.0,0.0,0.0,78.1528091430664,0.0,0.0,0.0,1.5167185,2.603943,-1.6905233,9.732557,-11.649945,-2.961529,0.6239143,-7.2306666,-9.147425,12.383621,-10.753038,6.5527606,-41.02280659616779,-1.5743585,7.6885557,-0.14834416,14.468168,-29.187767,61.89945,21.321045,8.357161,9.434583,-5.9140105,-15.589025,36.87949,62.65345,-6.9954395,3.3820848,-5.302172
342.0,0.0,0.0,78.1528091430664,0.0,0.0,0.0,1.5167185,2.603943,-1.6905233,9.732557,-11.649945,-2.961529,0.6239143,-7.2306666,-9.147425,12.383621,-10.753038,6.5527606,-39.21085209901078,-1.5743585,7.6885557,-0.14834416,14.468168,-29.187767,61.89945,21.321045,8.357161,9.434583,-5.9140105,-15.589025,36.87949,62.65345,-6.9954395,3.3820848,-5.302172
343.0,0.0,0.0,78.1528091430664,0.0,0.0,0.0,1.5167185,2.603943,-1.6905233,9.732557,-11.649945,-2.961529,0.6239143,-7.2306666,-9.147425,12.383621,-10.753038,6.5527606,-37.35234942559859,-1.5743585,7.6885557,-0.14834416,14.468168,-29.187767,61.89945,21.321045,8.357161,9.434583,-5.9140105,-15.589025,36.87949,62.65345,-6.9954395,3.3820848,-5.302172
344.0,0.0,0.0,78.1528091430664,0.0,0.0,0.0,1.5167185,2.603943,-1.6905233,9.732557,-11.649945,-2.961529,0.6239143,-7.2306666,-9.147425,12.383621,-10.753038,6.5527606,-35.44956287515829,-1.5743585,7.6885557,-0.14834416,14.468168,-29.187767,61.89945,21.321045,8.357161,9.434583,-5.9140105,-15.589025,36.87949,62.65345,-6.9954395,3.3820848,-5.302172
345.0,0.0,0.0,78.1528091430664,0.0,0.0,0.0,1.5167185,2.603943,-1.6905233,9.732557,-11.649945,-2.961529,0.6239143,-7.2306666,-9.147425,12.383621,-10.753038,6.5527606,-33.50481069999999,-1.5743585,7.6885557,-0.14834416,14.468168,-29.187767,61.89945,21.321045,8.357161,9.434583,-5.9140105,-15.589025,36.87949,62.65345,-6.9954395,3.3820848,-5.302172
346.0,0.0,0.0,78.1528091430664,0.0,0.0,0.0,1.5167185,2.603943,-1.6905233,9.732557,-11.649945,-2.961529,0.6239143,-7.2306666,-9.147425,12.383621,-10.753038,6.5527606,-31.520462281082917,-1.5743585,7.6885557,-0.14834416,14.468168,-29.187767,61.89945,21.321045,8.357161,9.434583,-5.9140105,-15.589025,36.87949,62.65345,-6.9954395,3.3820848,-5.302172
347.0,0.0,0.0,78.1528091430664,0.0,0.0,0.0,1.5167185,2.603943,-1.6905233,9.732557,-11.649945,-2.961529,0.6239143,-7.2306666,-9.147425,12.383621,-10.753038,6.5527606,-29.49893524129007,-1.5743585,7.6885557,-0.14834416,14.468168,-29.187767,61.89945,21.321045,8.357161,9.434583,-5.9140105,-15.589025,36.87949,62.65345,-6.9954395,3.3820848,-5.302172
348.0,0.0,0.0,78.1528091430664,0.0,0.0,0.0,1.5167185,2.603943,-1.6905233,9.732557,-11.649945,-2.961529,0.6239143,-7.2306666,-9.147425,12.383621,-10.753038,6.5527606,-27.44269249992708,-1.5743585,7.6885557,-0.14834416,14.468168,-29.187767,61.89945,21.321045,8.357161,9.434583,-5.9140105,-15.589025,36.87949,62.65345,-6.9954395,3.3820848,-5.302172
349.0,0.0,0.0,78.1528091430664,0.0,0.0,0.0,1.5167185,2.603943,-1.6905233,9.732557,-11.649945,-2.961529,0.6239143,-7.2306666,-9.147425,12.383621,-10.753038,6.5527606,-25.354239272034263,-1.5743585,7.6885557,-0.14834416,14.468168,-29.187767,61.89945,21.321045,8.357161,9.434583,-5.9140105,-15.589025,36.87949,62.65345,-6.9954395,3.3820848,-5.302172
350.0,0.0,0.0,78.1528091430664,0.0,0.0,0.0,1.5167185,2.603943,-1.6905233,9.732557,-11.649945,-2.961529,0.6239143,-7.2306666,-9.147425,12.383621,-10.753038,6.5527606,-23.236120016168474,-1.5743585,7.6885557,-0.14834416,14.468168,-29.187767,61.89945,21.321045,8.357161,9.434583,-5.9140105,-15.589025,36.87949,62.65345,-6.9954395,3.3820848,-5.302172
351.0,0.0,0.0,78.1528091430664,0.0,0.0,0.0,1.5167185,2.603943,-1.6905233,9.732557,-11.649945,-2.961529,0.6239143,-7.2306666,-9.147425,12.383621,-10.753038,6.5527606,-21.090915334371612,-1.5743585,7.6885557,-0.14834416,14.468168,-29.187767,61.89945,21.321045,8.357161,9.434583,-5.9140105,-15.589025,36.87949,62.65345,-6.9954395,3.3820848,-5.302172
352.0,0.0,0.0,78.1528091430664,0.0,0.0,0.0,1.5167185,2.603943,-1.6905233,9.732557,-11.649945,-2.961529,0.6239143,-7.2306666,-9.147425,12.383621,-10.753038,6.5527606,-18.921238828105004,-1.5743585,7.6885557,-0.14834416,14.468168,-29.187767,61.89945,21.321045,8.357161,9.434583,-5.9140105,-15.589025,36.87949,62.65345,-6.9954395,3.3820848,-5.302172
353.0,0.0,0.0,78.1528091430664,0.0,0.0,0.0,1.5167185,2.603943,-1.6905233,9.732557,-11.649945,-2.961529,0.6239143,-7.2306666,-9.147425,12.383621,-10.753038,6.5527606,-16.72973391397848,-1.5743585,7.6885557,-0.14834416,14.468168,-29.187767,61.89945,21.321045,8.357161,9.434583,-5.9140105,-15.589025,36.87949,62.65345,-6.9954395,3.3820848,-5.302172
354.0,0.0,0.0,78.1528091430664,0.0,0.0,0.0,1.5167185,2.603943,-1.6905233,9.732557,-11.649945,-2.961529,0.6239143,-7.2306666,-9.147425,12.383621,-10.753038,6.5527606,-14.519070603154464,-1.5743585,7.6885557,-0.14834416,14.468168,-29.187767,61.89945,21.321045,8.357161,9.434583,-5.9140105,-15.589025,36.87949,62.65345,-6.9954395,3.3820848,-5.302172
355.0,0.0,0.0,78.1528091430664,0.0,0.0,0.0,1.5167185,2.603943,-1.6905233,9.732557,-11.649945,-2.961529,0.6239143,-7.2306666,-9.147425,12.383621,-10.753038,6.5527606,-12.291942248350491,-1.5743585,7.6885557,-0.14834416,14.468168,-29.187767,61.89945,21.321045,8.357161,9.434583,-5.9140105,-15.589025,36.87949,62.65345,-6.9954395,3.3820848,-5.302172
356.0,0.0,0.0,78.1528091430664,0.0,0.0,0.0,1.5167185,2.603943,-1.6905233,9.732557,-11.649945,-2.961529,0.6239143,-7.2306666,-9.147425,12.383621,-10.753038,6.5527606,-10.0510622624043,-1.5743585,7.6885557,-0.14834416,14.468168,-29.187767,61.89945,21.321045,8.357161,9.434583,-5.9140105,-15.589025,36.87949,62.65345,-6.9954395,3.3820848,-5.302172
357.0,0.0,0.0,78.1528091430664,0.0,0.0,0.0,1.5167185,2.603943,-1.6905233,9.732557,-11.649945,-2.961529,0.6239143,-7.2306666,-9.147425,12.383621,-10.753038,6.5527606,-7.799160812397431,-1.5743585,7.6885557,-0.14834416,14.468168,-29.187767,61.89945,21.321045,8.357161,9.434583,-5.9140105,-15.589025,36.87949,62.65345,-6.9954395,3.3820848,-5.302172
358.0,0.0,0.0,78.1528091430664,0.0,0.0,0.0,1.5167185,2.603943,-1.6905233,9.732557,-11.649945,-2.961529,0.6239143,-7.2306666,-9.147425,12.383621,-10.753038,6.5527606,-5.538981493368125,-1.5743585,7.6885557,-0.14834416,14.468168,-29.187767,61.89945,21.321045,8.357161,9.434583,-5.9140105,-15.589025,36.87949,62.65345,-6.9954395,3.3820848,-5.302172
359.0,0.0,0.0,78.1528091430664,0.0,0.0,0.0,1.5167185,2.603943,-1.6905233,9.732557,-11.649945,-2.961529,0.6239143,-7.2306666,-9.147425,12.383621,-10.753038,6.5527606,-3.2732779856625696,-1.5743585,7.6885557,-0.14834416,14.468168,-29.187767,61.89945,21.321045,8.357161,9.434583,-5.9140105,-15.589025,36.87949,62.65345,-6.9954395,3.3820848,-5.302172
